"ADDRESS","eOMtThyhVNLWUZNRcBaQKxI","yedUsFwdkelQbxeTeQOvaScfqIOOmaa","JxkyvRnL","1018954901"
"ADDRESS","RYtGKbgicZaHCBRQDSx","VLhpfQGTMDYpsBZxvfBoeygjb","UMaAIKKIkknjWEXJUfPxxQHeWKEJ","1295249578"
"ADDRESS","dpHYZGhtgdntugzvvKAXLhM","LlN","gNfZBdyFGRajVfJNonEnOinZj","-1829099982"
"ADDRESS","UfzQhdgLLfDTDGspDb","QvBQYuxiXXVytGCxzVllpgTJKhRQq","qszYL","1111887674"
"ADDRESS","YdvDhtAsLghPXAgtbprXPZkhnfLTBSX","sPB","Oxm","-1621910390"
"ADDRESS","QIn","yIvpRgmgQsYEKk","AAAryjCRhLTuhnTodUewZQqaZErU","-1935747844"
"ADDRESS","aofGvthLoyPLDADYzx","WoaMAzEEplqjJ","jNBgpTmxx","696711130"
"ADDRESS","pIoQM","ODRhfGEfX","IoTtOmcBeivNUYv","-1366603797"
"ADDRESS","PBzMiJFouxILNv","FthRIkE","gEYzhlSTPkcSUyTSbBkU","1149563170"
"ADDRESS","OV","dwprLNbgNvZUMpqAXLJbjE","TiQaUNWftniOAotnzWvkQt","1041944832"
"ADDRESS","Wru","zGVyIdgFUYNdkFYkkjNIeENlreqFLC","MFOPluIOMfSnzX","-1708209621"
"ADDRESS","HuubOREhRXJoDCVcLCRmll","oBeMdQkAoYZDjfWhbzkmA","NBaxYoMSiMNxLXFLxIok","930399700"
"ADDRESS","teOlrImKiDpJbLDnvK","DiACnbEKIFidn","AzTaco","1967925707"
"ADDRESS","M","O","yybxVLsNlAeLWVhnIULZAyLBms","382363784"
"ADDRESS","LcdeWTdXPlQgjMVXbpRYzBT","jzlglRKAeamYUmWJtnJZLqwakeYcea","YFBlWcoVdFXlfhbUilkMpiHDMU","525072488"
"ADDRESS","veErKUBEqCrhrtgx","JkjHewSlMWOIVYZjIEB","etqguztl","1452179944"
"ADDRESS","WtKhlfZzDZ","xlpKnXmsjfwUTYgfExSOnq","wXgwbUXmExZAqY","-292028230"
"ADDRESS","dJStFJtVTQqOCjYYKFPwjvFKLQnmKD","yLUuEMaNwExpndMYYptSXZv","ExoLZAnxWro","-1383466546"
"ADDRESS","zQeAydAJIwkGuKWiVZLRcElhreuxvw","YVeSelxWdEtYtJHV","etgDUdmb","8083668"
"ADDRESS","cTVyrXOaoLCFQUOEXynhaz","hXJISTd","cdpW","2146898372"
"ADDRESS","VIhYOTAybWXyBzGqRe","wKkOqxJSqDjAtcDF","MMSKu","-82323612"
"ADDRESS","THjDRbPaqGjvVLsIUO","YaahxwwkK","aNVLssRUe","-851237395"
"ADDRESS","MedmIqFUtdxTB","RRVabC","DwmrfUyJVSbdBFIyjTfpDItaXB","-924378823"
"ADDRESS","IQrWtYnHcO","XgLyqkDjxtCDIj","GGiDYDmCRViOaAXNumPGEBX","61937700"
"ADDRESS","O","bplgXS","PAgcjtZAOBahwMGwNikIaKuxYYVASJc","1007147781"
"ADDRESS","IaSPolvldIfZTciudeieeoLVjkmgvz","BItmxBtJpbqEfQgWhKXmKMICCEU","YIvewgAhbiAslSgvGJGPPEpl","2048182629"
"ADDRESS","FkG","BXjwiQjQKBhPbNYa","oDLDPR","610315108"
"ADDRESS","JuhuUTlSCYdTVoSsJGyClHNnCWZGwZ","ImfitPVWqHXHNeZIUAYI","ToPMiWqHMXgOUxQpXiGHHqr","1887585643"
"ADDRESS","JUt","jWgnTkIeIrtqMPl","BIJtaer","481114396"
"ADDRESS","QEskqEWDSDObmCGpVd","IgYnmBOoTiRwXILYPxNoVlgkbSZ","tOXr","-648969061"
"ADDRESS","rDetIVodUvethundXqBJQ","qPFJOkHIpWuqUBpPiSGKutNzPuBDe","ZfevGGIyInuRGUCg","672907686"
"ADDRESS","GcGUaENkutTuUTC","nBJbTUuAgHABZTPBC","VaNvgPNPNdoDlMXoAwSuSKKPcTH","1719789600"
"ADDRESS","ZBzhTZzyzEYLAEhIrdjvCmERMl","QwRtlgJMzFfzLvgGOdyoxJF","IVsRIMiVnPwvmkahoHdVyCizi","-260807699"
"ADDRESS","hprfcQEahQopqOKigBgIR","bVxIKizEZqcOHAtUBCLrP","cedRWcOca","1788269654"
"ADDRESS","n","MJunJ","PSxwMDkpVdpPPmMkvQzMPMzmv","-736339116"
"ADDRESS","OeNujiqMhRMxZqYNVITQFLfat","DljaRmBHVP","K","-1447490197"
"ADDRESS","TqAeeGGOsayeZaiid","NlrPLOmYMZqH","xETBnrbhFb","132343550"
"ADDRESS","MsMopQF","ReYOZ","HuOkwoGMjfyz","-964773309"
"ADDRESS","r","GeRegVvr","tUcZv","1789518152"
"ADDRESS","oMDBOXQZoTV","TRibibvfrV","UEZ","796275100"
"ADDRESS","vXnsKKeWRvXUOo","MFOntGwQ","OupyXNhMOUjVDsG","-1663939686"
"ADDRESS","IsRcm","cJcrTBYYfMOJsQ","vyvOyYRbkdQgIsAfelbohRfb","1705899379"
"ADDRESS","xOAwBtmfSwKEpYp","QmhGWhGIMrvodaRacatwcYZz","QRMJmsdQDOgtFXhTSqWHdFjjbPJ","-749120929"
"ADDRESS","roycD","TFWc","AFCgCUKZOnRWjfYXGfQa","-751402843"
"ADDRESS","eulM","ShbjkpWHaCgIH","DqpvBvXwUntedYgKyfsYslKCiAqRV","1385925969"
"ADDRESS","GY","CcWqiiCdoqNVwxNkedJXwzScVQ","gs","-918500648"
"ADDRESS","XMQZIeIMC","cDoozHPdtFuXbglQmPpfaFWCNHGlJ","ZvyxlRcjBqfswv","-1618968583"
"ADDRESS","xlp","CfRTeKwFQdmmfVfpqlXlSDZHY","rNdKIneNxIvWnrOaoRCo","1514579611"
"ADDRESS","blYrsQFiCOxvKWEjrAsPDzKxhf","mjLgOGYauEgmMmxBzA","LR","724999798"
"ADDRESS","KeaQbsnmRMhHfErVCEkcH","dqLHkfzZyqoOobgrMLdCifPGZCbbiu","zPAIhgbdQSDjSwUMITalAEnGIDKu","-1143448117"
"ADDRESS","GsdXQSbMazTniYZanZqNTl","kfPAjvyKPihCrCmzoRxLcQsxVLytaE","SEowKE","1847876220"
"ADDRESS","LmsDjaKUHQGcw","fpMv","tcjfPJOVHQjmVCgCePeHOE","1870475320"
"ADDRESS","yaVUnOnIbTeygCJPTWqGbAIxv","EMePviztmdfqpvNrRqHVbFAphbnBMTI","ROL","1047428255"
"ADDRESS","ytPfLdSDzTAVPwbGXOu","Pomfs","EzkUDLepGW","1221236873"
"ADDRESS","iPMA","OQVnUwQPraJHLPr","y","1572097489"
"ADDRESS","XdgmWNbwLUXUeMm","wWThmFgf","rlF","1253079900"
"ADDRESS","CgyZxbpsUGupqoy","QpVRFpRXlWkaZgdLUFlWyKvdrHf","KgZIFWDnwypaEupdRXDoXqDqJYSu","883316009"
"ADDRESS","EuOxsDtMWutbmjqfypdBQigZk","VfaVtB","T","1966515377"
"ADDRESS","hexbZwMuoE","MhthsxzczLQLnnaShLWsrKonDTdxYM","grEFTmbXZsOtJZgOSYbvqFYoiR","-232477210"
"ADDRESS","AvQVzKwsYr","JoXpjgfJSbfvnFX","vnxIBe","-909494392"
"ADDRESS","fp","VNAHfDSY","vGOosmixlhAkVJqloTKfzouiPpa","-2099365454"
"ADDRESS","WXBjxEYAukF","KNbgNP","kMqmUbi","-1124076601"
"ADDRESS","OcAqemov","uDfYPYRKGLkCycEvgJBLFguQPIDKGTe","LyuwQleqFmPPghIgjPIbCvcLfvZgLto","1446654762"
"ADDRESS","HPdhkNUhzrzgPkCDqfMwHikwtySGb","IgOGiJvvkrWkCNNzccNM","lMpTpPHdOpcJiiMIwxsqgTGQIdWDuD","-610634143"
"ADDRESS","iHIVvNkATvQKBNBcIltsNMyznxPlsr","ucWTgYTk","yMPChSB","-1444289379"
"ADDRESS","LsBVdlMNlSsOFvnyYG","vMfRBFBQTCAXujDhGGHwUpKLx","nEOxJtAzCNYJESqYyrownyle","-739125323"
"ADDRESS","tAnEMeXnRAVNUSkRy","rsiAhLzZQryGvbioU","IMmhLOqDltfUwA","655918867"
"ADDRESS","qWo","xZCVmIvUyr","adKNbxM","1053576243"
"ADDRESS","wTiYlONPbytccZevAHtGXfY","KqoANO","Fh","1191939473"
"ADDRESS","otFmctdBhLgmXhGFu","BSuuuhtxsjbfwZYEWqrMoERZwi","VbdTtMjmWLVJdmhpPdXcLEO","831368005"
"ADDRESS","ePwoqFBxBHAcdvXeItY","cffjPqMDHeAwhGweLJpL","Ko","157671579"
"ADDRESS","cfysZhLylzXvXfEEdYALxQwJOjvvuC","QHjHHjFwVKkoxYxdAVPkBGV","IWzzFVwyWKzlhKMqmsLqQUDBzKxK","-1046609813"
"ADDRESS","ZIkowQoBkpSHWpDJcdJoylO","JWekLYCilwsmSglpMXbLsYY","TZxz","-1738224134"
"ADDRESS","TrfzCLXljsIVShA","wZLkKFyzvANf","vfGUbqPjfDQjzUXCKwu","2084932264"
"ADDRESS","OqcjIO","MRvUFXXnMrEml","lBwZlNVKwsmgT","529903807"
"ADDRESS","pEVnNlLNEgy","wAIditVRc","tqhWxHmbRgvRWf","1631505948"
"ADDRESS","SOtkMbpZjumQOYEaaDWymzE","pIwdYgEQzAPpmGvvtncdxYgVq","cwOMAnizMjcHvTdAqEeTahiGze","871339399"
"ADDRESS","QjBPvBfmEOkTuZxpKYcrty","btSIOUkdrIatQJjiWCMDkLd","uYEHIssJZqYakU","-14312462"
"ADDRESS","ZozqmwXCSgjaOmseCOwlqrKytwgUOz","sLsMK","OMTiBJPLXEijWVCigyGiabrJpQj","422338303"
"ADDRESS","XAEUPNrvhXOvldCUDmTQTFQYhtRqbtZ","YSVyFVQSoAjfhncysRg","txkPRiWKVApzFcYl","-504089477"
"ADDRESS","BTazUiAWugTbTusLrUSDb","y","uVFmsYkRxgCZZtv","334573226"
"ADDRESS","FBaYZvbJSRsxeDp","YlIuVnRwqqaXdEJ","HXlNyoXpYBEfiOSwhfP","-215095397"
"ADDRESS","A","OiXKrsyOBCjEqGXTSPTaSJMatrhF","ebZfoMIAAQjGyIrYzxhEbRpeQ","-82962974"
"ADDRESS","XeD","ZLbuxf","BwEXXjhw","-1150757021"
"ADDRESS","QZuwbTNxAeoJ","QtTOflXbHOncEUnOvXIXc","fWVIjSlBcJ","-937864421"
"ADDRESS","YITraltpvZfJTLmESNnapFhN","sJpgFePnOyns","XVySnCsapwmbCYBG","-1948335873"
"ADDRESS","eeyfZrJFBNaEuifCNkszyiEoQ","gZMLCkOPXmdXNjx","JYWitjSodgE","-248864913"
"ADDRESS","yQYcIOkvAhLTcmYrO","LszOqwGlmyzrhupKjZNKuuiOP","A","2126966738"
"ADDRESS","gFhomWJfRGWaenLOfnnbs","vVUNOIIkGfcJxDJJ","ZJbEarRLyuorIWNQOnyxEhUZUSQT","-1900064682"
"ADDRESS","AwirgqwyeMk","ANvTRlyuhxQOVPbkYtnUGVoPhqgtN","qxpqBvcqbbc","1689894623"
"ADDRESS","gbxddUcTxgUrCNPcqDB","qzRqqQguCWqel","AZWGNDbwVydJjUFpuYnYyF","1914196404"
"ADDRESS","olqwISJ","OtzCNOSxfoRrtAfJCbmCI","mLHIRhFVIjiziEduCgomzdXPPtQq","780160106"
"ADDRESS","sDNHAyGTnNUJXqHscWZgWZAek","DirveTpIBclzm","LFFPU","1441741848"
"ADDRESS","qs","GHGzfbDtBzsLhoyPjMXvK","qrbmqXPOsLZgRVfijYgrjkBScvAf","599344094"
"ADDRESS","FAJPL","UOvna","ZyFprInRwGnCzzKlBKKmer","-1116730558"
"ADDRESS","IMPAgkNoeYfbFOJRDNjNdmVGBtz","tWTcafmTx","RQraCtCxLklPi","1508237809"
"ADDRESS","vKOVaTwAKzvNq","HVrbvjsWywtPAkEusXwpjF","iYAEDphgbEnTsLWMLtXndArryVNN","674838758"
"ADDRESS","NsBBwQCWudVIOdTBGekx","iOK","esleAVkNopHIQgYGLlIATF","-486500602"
"ADDRESS","rAv","xsxbMLeWsiF","KoHURsAE","1174159279"
"ADDRESS","FZObrvYcJZUdQpkNMRWMnuqMZjGmbG","pqIfdz","l","821095377"
"ADDRESS","CGXKUncoGjNmiufEezsqjyaf","frIBPZPaBSoCKMLUHpjvOgdpkHbj","vyMUyiUot","1433717382"
"ADDRESS","vTxvPHxRUSsO","NlVSeUjkrTVXWWjRx","FVXqaXZzZ","977701952"
"ADDRESS","f","UZGjplCWIHgWC","zzgQumDOlHcTKpEDMMQAinV","-385018861"
"ADDRESS","aHOczHSZ","RaDcy","blh","786406553"
"ADDRESS","iCGpFLjieraUbUBrfUNpNDetDurdT","EuwhAbssi","VUsjukttLVNgALOeIlaRbcuCmRofUK","-1142277501"
"ADDRESS","k","WTQmuzKx","QWOsGZtOkrZUwsHIfhAdCfVqsdirC","-1900233505"
"ADDRESS","svnVdfMIWKK","RTzziBjTVesYHPeRqqnRMqkrUBXhc","uMC","-326923381"
"ADDRESS","yWsEJVFyrWhjUrBmye","PrISvXOiTDXRusOyjfHuTWKRwBJOm","gDTFMaFREGoKZovAD","1820810874"
"ADDRESS","JABgJQuuFK","RCwdOHKbJuFhfYRW","RxtRlwILVXbRvbIODtPxDYpLArKUnKp","-225178451"
"ADDRESS","xzNsZDNC","oNwEKoMHBjAjbiWSSSRpRXL","AURzyt","-1502261226"
"ADDRESS","lmbnRTFArBmCsVoOcCJNSiiAR","GiEvtzMXGjrOkbSWTmyDBS","ivvEA","-1654275142"
"ADDRESS","BPQKbPFZ","MkmClFzFUyrbfdGs","vwsjtVleu","629056458"
"ADDRESS","UVNrvjOYQBbPzeteLsatwvGFiQts","NzguJXznivAEBCzNd","AikVFYzzABIXIciOvSgOqPqiBX","-1184201833"
"ADDRESS","Ebyrzvmdzt","VWTmdEhzBFVRTXZmUxvJSmva","x","1518949245"
"ADDRESS","pRATCjAxtoeahnuqTvlBMlDcVUfBfay","STDo","TUfoRTFWHJLIJhaXcZuIhzs","286146883"
"ADDRESS","r","GLgmqINEeckO","E","2105558917"
"ADDRESS","KcDFogAcFQmhFHUwjfZqFF","olAXvJyVaIdUIjRDooPEq","bNeMIGAKLz","15414552"
"ADDRESS","fmLLG","FjVTXbAxyytUeUpdT","mxPZDfJpnljucaA","-1451121776"
"ADDRESS","XcGJ","resTjMbmoOkFbaEzFrWlXC","pwyfLmsdJYRkjim","-79147952"
"ADDRESS","rUVcUFrXkDCl","ZroPKZgL","lwMFYNncvLJMfQfrnPnBPGHN","497712583"
"ADDRESS","RaaRZRzdKkbZIPzm","ZTKjOqBNPKtIXorhjjfmCaOsuPxVSvH","FTuYbqcdCouZhBOxhCXLhe","240037578"
"ADDRESS","YowUBLQUE","Um","trzfWzzyVzubjvJIkgGTznStmeK","1506042928"
"ADDRESS","qUTKprXzzGKWJTteLLldkvYAfDigjGH","wMxHPeQPF","wnznyWxIEdNybTSltmSVdRr","-1007985394"
"ADDRESS","TpAGWRBQ","Lds","vNfimICHWvrmiJySnRFutxVr","-746892205"
"ADDRESS","FBWS","Bim","pBFK","-1105319282"
"ADDRESS","KYmCnumaWRAhRoBxTHkhdj","hZzpygzWW","N","-771159776"
"ADDRESS","EDGPoWXRYhzLCqZrqc","uhKmBaTubLYSdaWHUJH","mDNEwMzSAIVgFdfXLVgkYpFTU","113743918"
"ADDRESS","eGJkNx","rhlkWokdrIP","wBg","-173227249"
"ADDRESS","guXVjlM","hlNFlbpkzznkDqTCbTyzjBs","ETyvemwvoadcvlvrhCDNOq","-1424272634"
"ADDRESS","yJXkKha","wShXIVYMjWEHQSE","KbkQSblii","-871043447"
"ADDRESS","cokqwrDqNcH","gRUMSrpufyRcqQ","OIAFRT","1895127910"
"ADDRESS","DKYXDZLrtrJuQBWIDgYyiI","AxVkWjTsIGpzTxFNLKONhVqpFXHLEId","qkGNyIsGNAPkE","-179155834"
"ADDRESS","tQCCJSmAVisPEazXFQ","MwmkhrHNzaqwBtVGwiPCbswTskPsm","JqKCfgqVTsAoFTErynF","195827738"
"ADDRESS","cgTjHdfSbFeOIFvNRZksaB","uHmkZMiepnpMzDtKhVhlB","aZSVbLcYnzW","205685110"
"ADDRESS","qAAVxuf","hotdTNumcvVtskDixjrBneWUJHIQj","YOJBDPGnnTRmRWBGLGy","2128206318"
"ADDRESS","CS","kC","aVGxQenQnsXwIXJxCE","735719012"
"ADDRESS","uypSsHjephMm","bgJMGnFGFBvfJkmDDuTHUFVKTEct","M","1815909236"
"ADDRESS","AEqBlhpyRc","wOnBTUKhZoJuScrpXLjIk","yqWbQeADfDGDCKr","1452603481"
"ADDRESS","WF","hXtmlbUPHiKoeWHv","vZIVrwxwGDssxDbUJcQkzKoDlgF","-160249596"
"ADDRESS","mfouzbiNkzolSFrPmBspQmSZlfHwjpa","oEbhZUXBUdkMmIsJOnuSaRdTVWJLbZ","kdGIiWEnSFSoE","-1462492674"
"ADDRESS","AYfryQOoitUd","vgoxhFpdhAsYtAucHKQgAvVrxXYOS","BkzQNZKhibwtlJkYjIefJrwxa","155778307"
"ADDRESS","BbXgeFEANxrEiF","nacCGiPfxCWqsmEfdbMXUCCCzxUB","vanGHwQecmTFS","1884986244"
"ADDRESS","VPrbHKWutwfgBBOqUFX","WXgNZ","mxYeebyeFDWUEaRDQNcyWvMcJ","431692904"
"ADDRESS","ytJyNtGTiwZOXxVwz","tGalEUwqlm","hDmmQthYYFjIPondZtQsgrGeEpf","2090839240"
"ADDRESS","BdfDGVLepVmyiAqLJPtgxjc","hlHZIrDfNbPBwMjiuaXwYkL","iNYttYiFQxeCkoKfrfoDDihmP","1879158652"
"ADDRESS","esgbERkflt","GOV","nbcLSSVMjfBlCbiowTYcG","463445425"
"ADDRESS","wAJLMPeVaDdystZRyWrq","DAXMIcjiBHiaxqH","HWbBGNtnskkhfRKByVq","1966789344"
"ADDRESS","JyukSPpmZwsWSQbDSePCfYAHQ","URejUGaycpjpeHvdeBjHEyYdD","diSgsn","-1083965220"
"ADDRESS","qMQJATcDzqOYckaL","eJcplsIvZrB","sjxPMGYUQYwrnMZncslSqrqhZB","951794900"
"ADDRESS","PRrDlwkWyimpn","oOPviAEANVEUsIdsciNaArPuXnwtI","pMxH","-1611430789"
"ADDRESS","zewyLlmVqAiYBYXSMzFlvFMMMU","LGtcGLYciKMRVJcoPJkEftUCAxuFdU","XOXLWMWHopdnv","-552349002"
"ADDRESS","lkmSxmfzdAmiHSI","qOLUheTMfntjMKLoMFUxVy","Ujt","1576234362"
"ADDRESS","eHppUvBxtkWVBoxKEkXDuaeXUvAI","rNtpIiXZzVxcuPIgGd","Rp","580686535"
"ADDRESS","slGBNzdUkDdfVscUXfafUePcl","soJBn","UZfuS","-1572658974"
"ADDRESS","jjBMSLLSHbKBLTdcutLQHmcYwr","mXvImaolprvquZL","VyT","-1289890251"
"ADDRESS","UDgzqEzPGMpya","aqZthVONWLnWoilUbWbMoAVMgn","hBEpADQSLgQsixKukmXr","-2005115006"
"ADDRESS","pBmkgXvSAjWnhgSrtxxGlUCNKUWz","VEtrnGdw","nBRI","-1807929515"
"ADDRESS","SEQOwCZ","fQTroOgmGCLxm","mcDQGEsfvBpshCUZlRrNPeUifq","-1010231349"
"ADDRESS","yGrenKpmdoZjoVRBhRDFRQljid","VEA","IPxkgPzosPC","-1729927121"
"ADDRESS","ipWNYCZUubK","CMeAanTWAFkvU","xb","2032792060"
"ADDRESS","DclseQcuYowJuJsysAEowMeYRDl","k","qJVAnNVZCkRHDkEDwiPuUw","-1994037953"
"ADDRESS","lCcfCjg","Ursda","ngrlEgGmydfQJf","-1101596034"
"ADDRESS","EVXQaJTbWpZceEvqfsNQckHBDd","bSvQuqqPbGRwfEbT","dHHyCEtwZOgbEP","680652922"
"ADDRESS","VPDshQfIBEUanMgkChfQ","LWnuaEoMMxqn","W","722865808"
"ADDRESS","yjRkmdVpwuzrFOFXvODGZSyLFKV","gGqQNsHf","YTyI","1080209550"
"ADDRESS","fHQZ","pAmRvcwdcmr","yLHyylzq","2054745894"
"ADDRESS","wojzCtBlWnpEVRQWAGqLkFCjqbFSRR","UMtfIfATbDCsmsVfR","EzbwkWhcpjThQbiDvHfHOCGmidX","-1808871314"
"ADDRESS","Cx","vbEQGXBbuscZRWyIxWOkvMY","BFrVBTLQXNNUoVBrrgqnsgUPYKbtttV","-2077286898"
"ADDRESS","XQngBcThqpVNqODawSp","TcRveWPm","vjZxWszSmMbuIaFeLZJBV","-1801315571"
"ADDRESS","pqrgYEfgBQZscwWwv","exJVjoB","NJoDKy","-365565611"
"ADDRESS","qXGsYnOlEVtoPwJbdXzExdWv","QEnx","oJskXwLL","312708969"
"ADDRESS","ehqJJKWOFxxxFeeOcjHTrYJPUxjLQDA","VLmN","XveokBitqjWigvdgAxlFyCLI","1727219944"
"ADDRESS","TBoZcebOzpaXIZCoSXesWzkGB","JIXZhPehtwqlQyOKwRnTYjauA","vxjnFNyQhBpFuaQdTrQ","-1031622454"
"ADDRESS","DkcHUQkNuMolEcDYPG","jwCTSeCODYsELoVqtepGSijxlzk","SndTkKJKKa","1231975037"
"ADDRESS","nkYlpfjADcSTDyUMJzF","CdjUpS","foiHRXgtABZoytUPmeVH","712185675"
"ADDRESS","fJMQreaGHnd","zsAayvqGBgDyUMuoBaooJ","SeY","455296947"
"ADDRESS","lGnpmpDuLcCWwviSUKnVxGJJtsu","nBFLxgnMIhwLajpEDruolhda","FIwr","-2045639527"
"ADDRESS","pKhePbZbIXMhWYlTPHCQQegzbjNO","mMdH","x","-1021574537"
"ADDRESS","JLKqkRmLoBqMeY","ELHLoSeYgAFmxlBuWtjEADfexbdcH","dLU","573178106"
"ADDRESS","WESQ","egVbikAIRtbbr","EZTeTtUswTGglsiMYlihy","2127479722"
"ADDRESS","hISroEwTXbfkekflYym","mhwNlc","uC","-458963823"
"ADDRESS","RwftBSsrRQpsaEPWAwfKiipXgehmYv","fNgLpZBCfuyqfz","z","1626531840"
"ADDRESS","ubKPFcxZCFxI","pxzv","N","-858001185"
"ADDRESS","qlxarvAjdnN","ACAoJyeXrLzqdNNdj","sxVnjJ","2069645099"
"ADDRESS","gQRKAUNlMPqaEmZgSKBgSqGFqomq","PYZGtGXudeQMlubLMUIs","JkVgcR","-1401069939"
"ADDRESS","AJcjHDPEBTvExCaHpZaDWeicaLJXLDc","eKYQGkEcAWlgeIYHVZgdIpfaIs","pEAzw","-1725382345"
"ADDRESS","DytDw","nshHyKXyfy","DkXUUHiqBDKqd","-1589640344"
"ADDRESS","fvxNRzti","pjnbvJjiLNNjH","ymVEpQC","1282326071"
"ADDRESS","NmDkmkJtBAhfPetwpWd","exaMoNxqdIdjNhWMFoiccHmqdKbmiLb","B","-1343048532"
"ADDRESS","m","RWjiwktdvNLWGYYsXisGTzAeyb","mXAuLWoPOpnXeH","-1000242143"
"ADDRESS","VqpNUndfqgPvWaqiamGMlqLrsj","GtvHmnhYDCMHFfQU","cIsbRuEoEmVMcsiMhqPjlgdvDtSBg","-1975629436"
"ADDRESS","LHKLXsjkW","et","eTRaXjWMNJsn","1087014646"
"ADDRESS","efXz","gCIYPQdNRZKkZRyEbxoHvd","XrRUdTiUdLWVVwKdPOsiKx","101245393"
"ADDRESS","uMSLveiziEPfNAyoxZFchCyZNoFZK","utrfuLwawEPREBGJhMxaVImxRxMH","xLSVxrkJvO","1141184294"
"ADDRESS","XZuhurwYRBXCrKKaBHSqAllRgbkDr","oAxquvlImhBQizUARkrceF","LOWbndf","671110442"
"ADDRESS","ppcgdpfLRJRHqpnLLDqCU","nsBrGMfgVLWFeHMNJLTTRCJQul","HsHsCaiBWSTIo","-1080290767"
"ADDRESS","wzjiZRtZVjaOhM","qxudDELqvdxwLRXlVIeIktXeNyxioEa","GNPVCNJWDGKhgaMOE","648941091"
"ADDRESS","EQnKnVpmYsHhYKovAjgh","nnXfpi","T","662665617"
"ADDRESS","IxMkdL","QGnZIhQAvW","OQKuwKUcWNgUUUBX","1222038994"
"ADDRESS","WdWbHgcDEIZxVDWMPauw","ZPWQVe","SPhjKow","-2034101290"
"USER","eOMtThyhVNLWUZNRcBaQKxI","yedUsFwdkelQbxeTeQOvaScfqIOOmaa","JxkyvRnL","2024-06-18","RYtGKbgicZaHCBRQDSx","101"
"USER","LlN","gNfZBdyFGRajVfJNonEnOinZj","UfzQhdgLLfDTDGspDb","2029-10-26","QvBQYuxiXXVytGCxzVllpgTJKhRQq","190"
"USER","Oxm","QIn","yIvpRgmgQsYEKk","2015-01-25","AAAryjCRhLTuhnTodUewZQqaZErU","74"
"USER","pIoQM","ODRhfGEfX","IoTtOmcBeivNUYv","2022-03-06","PBzMiJFouxILNv","17"
"USER","dwprLNbgNvZUMpqAXLJbjE","TiQaUNWftniOAotnzWvkQt","Wru","2026-02-12","zGVyIdgFUYNdkFYkkjNIeENlreqFLC","130"
"USER","NBaxYoMSiMNxLXFLxIok","teOlrImKiDpJbLDnvK","DiACnbEKIFidn","2027-07-05","AzTaco","56"
"USER","LcdeWTdXPlQgjMVXbpRYzBT","jzlglRKAeamYUmWJtnJZLqwakeYcea","YFBlWcoVdFXlfhbUilkMpiHDMU","2024-04-27","veErKUBEqCrhrtgx","32"
"USER","xlpKnXmsjfwUTYgfExSOnq","wXgwbUXmExZAqY","dJStFJtVTQqOCjYYKFPwjvFKLQnmKD","2011-06-10","yLUuEMaNwExpndMYYptSXZv","73"
"USER","etgDUdmb","cTVyrXOaoLCFQUOEXynhaz","hXJISTd","2025-12-04","cdpW","107"
"USER","THjDRbPaqGjvVLsIUO","YaahxwwkK","aNVLssRUe","2021-07-29","MedmIqFUtdxTB","43"
"USER","XgLyqkDjxtCDIj","GGiDYDmCRViOaAXNumPGEBX","O","2028-02-29","bplgXS","144"
"USER","YIvewgAhbiAslSgvGJGPPEpl","FkG","BXjwiQjQKBhPbNYa","2012-12-23","oDLDPR","191"
"USER","JUt","jWgnTkIeIrtqMPl","BIJtaer","2029-07-03","QEskqEWDSDObmCGpVd","68"
"USER","qPFJOkHIpWuqUBpPiSGKutNzPuBDe","ZfevGGIyInuRGUCg","GcGUaENkutTuUTC","2011-04-25","nBJbTUuAgHABZTPBC","96"
"USER","IVsRIMiVnPwvmkahoHdVyCizi","hprfcQEahQopqOKigBgIR","bVxIKizEZqcOHAtUBCLrP","2011-05-23","cedRWcOca","195"
"USER","OeNujiqMhRMxZqYNVITQFLfat","DljaRmBHVP","K","2011-10-25","TqAeeGGOsayeZaiid","86"
"USER","ReYOZ","HuOkwoGMjfyz","r","2018-06-28","GeRegVvr","181"
"USER","UEZ","vXnsKKeWRvXUOo","MFOntGwQ","2027-06-28","OupyXNhMOUjVDsG","195"
"USER","xOAwBtmfSwKEpYp","QmhGWhGIMrvodaRacatwcYZz","QRMJmsdQDOgtFXhTSqWHdFjjbPJ","2021-07-03","roycD","43"
"USER","ShbjkpWHaCgIH","DqpvBvXwUntedYgKyfsYslKCiAqRV","GY","2017-12-06","CcWqiiCdoqNVwxNkedJXwzScVQ","194"
"USER","ZvyxlRcjBqfswv","xlp","CfRTeKwFQdmmfVfpqlXlSDZHY","2015-03-02","rNdKIneNxIvWnrOaoRCo","86"
"USER","KeaQbsnmRMhHfErVCEkcH","dqLHkfzZyqoOobgrMLdCifPGZCbbiu","zPAIhgbdQSDjSwUMITalAEnGIDKu","2013-01-21","GsdXQSbMazTniYZanZqNTl","194"
"USER","fpMv","tcjfPJOVHQjmVCgCePeHOE","yaVUnOnIbTeygCJPTWqGbAIxv","2015-03-18","EMePviztmdfqpvNrRqHVbFAphbnBMTI","54"
"USER","EzkUDLepGW","iPMA","OQVnUwQPraJHLPr","2019-03-27","y","119"
"USER","CgyZxbpsUGupqoy","QpVRFpRXlWkaZgdLUFlWyKvdrHf","KgZIFWDnwypaEupdRXDoXqDqJYSu","2018-10-13","EuOxsDtMWutbmjqfypdBQigZk","150"
"USER","MhthsxzczLQLnnaShLWsrKonDTdxYM","grEFTmbXZsOtJZgOSYbvqFYoiR","AvQVzKwsYr","2014-03-25","JoXpjgfJSbfvnFX","131"
"USER","vGOosmixlhAkVJqloTKfzouiPpa","WXBjxEYAukF","KNbgNP","2022-04-14","kMqmUbi","100"
"USER","HPdhkNUhzrzgPkCDqfMwHikwtySGb","IgOGiJvvkrWkCNNzccNM","lMpTpPHdOpcJiiMIwxsqgTGQIdWDuD","2010-09-02","iHIVvNkATvQKBNBcIltsNMyznxPlsr","106"
"USER","vMfRBFBQTCAXujDhGGHwUpKLx","nEOxJtAzCNYJESqYyrownyle","tAnEMeXnRAVNUSkRy","2023-10-12","rsiAhLzZQryGvbioU","129"
"USER","adKNbxM","wTiYlONPbytccZevAHtGXfY","KqoANO","2023-09-07","Fh","33"
"USER","ePwoqFBxBHAcdvXeItY","cffjPqMDHeAwhGweLJpL","Ko","2011-07-04","cfysZhLylzXvXfEEdYALxQwJOjvvuC","48"
"USER","JWekLYCilwsmSglpMXbLsYY","TZxz","TrfzCLXljsIVShA","2028-12-08","wZLkKFyzvANf","107"
"USER","lBwZlNVKwsmgT","pEVnNlLNEgy","wAIditVRc","2018-09-27","tqhWxHmbRgvRWf","198"
"USER","QjBPvBfmEOkTuZxpKYcrty","btSIOUkdrIatQJjiWCMDkLd","uYEHIssJZqYakU","2023-11-17","ZozqmwXCSgjaOmseCOwlqrKytwgUOz","40"
"USER","YSVyFVQSoAjfhncysRg","txkPRiWKVApzFcYl","BTazUiAWugTbTusLrUSDb","2023-07-13","y","120"
"USER","HXlNyoXpYBEfiOSwhfP","A","OiXKrsyOBCjEqGXTSPTaSJMatrhF","2022-07-30","ebZfoMIAAQjGyIrYzxhEbRpeQ","1"
"USER","QZuwbTNxAeoJ","QtTOflXbHOncEUnOvXIXc","fWVIjSlBcJ","2021-06-30","YITraltpvZfJTLmESNnapFhN","89"
"USER","gZMLCkOPXmdXNjx","JYWitjSodgE","yQYcIOkvAhLTcmYrO","2017-10-05","LszOqwGlmyzrhupKjZNKuuiOP","53"
"USER","ZJbEarRLyuorIWNQOnyxEhUZUSQT","AwirgqwyeMk","ANvTRlyuhxQOVPbkYtnUGVoPhqgtN","2013-10-13","qxpqBvcqbbc","177"
"USER","olqwISJ","OtzCNOSxfoRrtAfJCbmCI","mLHIRhFVIjiziEduCgomzdXPPtQq","2010-07-15","sDNHAyGTnNUJXqHscWZgWZAek","189"
"USER","GHGzfbDtBzsLhoyPjMXvK","qrbmqXPOsLZgRVfijYgrjkBScvAf","FAJPL","2010-08-19","UOvna","54"
"USER","RQraCtCxLklPi","vKOVaTwAKzvNq","HVrbvjsWywtPAkEusXwpjF","2026-08-11","iYAEDphgbEnTsLWMLtXndArryVNN","110"
"USER","rAv","xsxbMLeWsiF","KoHURsAE","2024-10-20","FZObrvYcJZUdQpkNMRWMnuqMZjGmbG","143"
"USER","frIBPZPaBSoCKMLUHpjvOgdpkHbj","vyMUyiUot","vTxvPHxRUSsO","2028-10-30","NlVSeUjkrTVXWWjRx","36"
"USER","zzgQumDOlHcTKpEDMMQAinV","aHOczHSZ","RaDcy","2026-07-09","blh","67"
"USER","k","WTQmuzKx","QWOsGZtOkrZUwsHIfhAdCfVqsdirC","2020-04-14","svnVdfMIWKK","106"
"USER","PrISvXOiTDXRusOyjfHuTWKRwBJOm","gDTFMaFREGoKZovAD","JABgJQuuFK","2021-11-18","RCwdOHKbJuFhfYRW","5"
"USER","AURzyt","lmbnRTFArBmCsVoOcCJNSiiAR","GiEvtzMXGjrOkbSWTmyDBS","2014-07-26","ivvEA","160"
"USER","UVNrvjOYQBbPzeteLsatwvGFiQts","NzguJXznivAEBCzNd","AikVFYzzABIXIciOvSgOqPqiBX","2016-01-24","Ebyrzvmdzt","134"
"USER","STDo","TUfoRTFWHJLIJhaXcZuIhzs","r","2023-11-26","GLgmqINEeckO","57"
"USER","bNeMIGAKLz","fmLLG","FjVTXbAxyytUeUpdT","2018-07-26","mxPZDfJpnljucaA","148"
"USER","rUVcUFrXkDCl","ZroPKZgL","lwMFYNncvLJMfQfrnPnBPGHN","2029-04-23","RaaRZRzdKkbZIPzm","122"
"USER","Um","trzfWzzyVzubjvJIkgGTznStmeK","qUTKprXzzGKWJTteLLldkvYAfDigjGH","2024-07-05","wMxHPeQPF","103"
"USER","vNfimICHWvrmiJySnRFutxVr","FBWS","Bim","2016-09-14","pBFK","73"
"USER","EDGPoWXRYhzLCqZrqc","uhKmBaTubLYSdaWHUJH","mDNEwMzSAIVgFdfXLVgkYpFTU","2029-03-02","eGJkNx","197"
"USER","hlNFlbpkzznkDqTCbTyzjBs","ETyvemwvoadcvlvrhCDNOq","yJXkKha","2019-09-16","wShXIVYMjWEHQSE","44"
"USER","OIAFRT","DKYXDZLrtrJuQBWIDgYyiI","AxVkWjTsIGpzTxFNLKONhVqpFXHLEId","2014-11-29","qkGNyIsGNAPkE","21"
"USER","cgTjHdfSbFeOIFvNRZksaB","uHmkZMiepnpMzDtKhVhlB","aZSVbLcYnzW","2023-11-27","qAAVxuf","107"
"USER","kC","aVGxQenQnsXwIXJxCE","uypSsHjephMm","2014-05-22","bgJMGnFGFBvfJkmDDuTHUFVKTEct","138"
"USER","yqWbQeADfDGDCKr","WF","hXtmlbUPHiKoeWHv","2012-03-23","vZIVrwxwGDssxDbUJcQkzKoDlgF","184"
"USER","AYfryQOoitUd","vgoxhFpdhAsYtAucHKQgAvVrxXYOS","BkzQNZKhibwtlJkYjIefJrwxa","2021-04-29","BbXgeFEANxrEiF","4"
"USER","WXgNZ","mxYeebyeFDWUEaRDQNcyWvMcJ","ytJyNtGTiwZOXxVwz","2020-04-17","tGalEUwqlm","38"
"USER","iNYttYiFQxeCkoKfrfoDDihmP","esgbERkflt","GOV","2013-02-03","nbcLSSVMjfBlCbiowTYcG","94"
"USER","JyukSPpmZwsWSQbDSePCfYAHQ","URejUGaycpjpeHvdeBjHEyYdD","diSgsn","2021-01-15","qMQJATcDzqOYckaL","93"
"USER","oOPviAEANVEUsIdsciNaArPuXnwtI","pMxH","zewyLlmVqAiYBYXSMzFlvFMMMU","2015-04-07","LGtcGLYciKMRVJcoPJkEftUCAxuFdU","158"
"USER","Ujt","eHppUvBxtkWVBoxKEkXDuaeXUvAI","rNtpIiXZzVxcuPIgGd","2015-08-14","Rp","97"
"USER","jjBMSLLSHbKBLTdcutLQHmcYwr","mXvImaolprvquZL","VyT","2018-04-25","UDgzqEzPGMpya","177"
"USER","VEtrnGdw","nBRI","SEQOwCZ","2013-05-11","fQTroOgmGCLxm","174"
"USER","IPxkgPzosPC","ipWNYCZUubK","CMeAanTWAFkvU","2026-08-29","xb","61"
"USER","lCcfCjg","Ursda","ngrlEgGmydfQJf","2016-01-18","EVXQaJTbWpZceEvqfsNQckHBDd","124"
"USER","LWnuaEoMMxqn","W","yjRkmdVpwuzrFOFXvODGZSyLFKV","2018-12-06","gGqQNsHf","105"
"USER","yLHyylzq","wojzCtBlWnpEVRQWAGqLkFCjqbFSRR","UMtfIfATbDCsmsVfR","2024-10-08","EzbwkWhcpjThQbiDvHfHOCGmidX","140"
"USER","XQngBcThqpVNqODawSp","TcRveWPm","vjZxWszSmMbuIaFeLZJBV","2010-05-08","pqrgYEfgBQZscwWwv","51"
"USER","QEnx","oJskXwLL","ehqJJKWOFxxxFeeOcjHTrYJPUxjLQDA","2013-07-05","VLmN","34"
"USER","vxjnFNyQhBpFuaQdTrQ","DkcHUQkNuMolEcDYPG","jwCTSeCODYsELoVqtepGSijxlzk","2029-08-17","SndTkKJKKa","58"
"USER","fJMQreaGHnd","zsAayvqGBgDyUMuoBaooJ","SeY","2028-11-05","lGnpmpDuLcCWwviSUKnVxGJJtsu","122"
"USER","mMdH","x","JLKqkRmLoBqMeY","2027-01-06","ELHLoSeYgAFmxlBuWtjEADfexbdcH","83"
"USER","EZTeTtUswTGglsiMYlihy","hISroEwTXbfkekflYym","mhwNlc","2025-03-10","uC","157"
"USER","ubKPFcxZCFxI","pxzv","N","2011-05-26","qlxarvAjdnN","176"
"USER","PYZGtGXudeQMlubLMUIs","JkVgcR","AJcjHDPEBTvExCaHpZaDWeicaLJXLDc","2019-09-29","eKYQGkEcAWlgeIYHVZgdIpfaIs","123"
"USER","DkXUUHiqBDKqd","fvxNRzti","pjnbvJjiLNNjH","2013-06-29","ymVEpQC","178"
"USER","m","RWjiwktdvNLWGYYsXisGTzAeyb","mXAuLWoPOpnXeH","2029-03-25","VqpNUndfqgPvWaqiamGMlqLrsj","1"
"USER","et","eTRaXjWMNJsn","efXz","2022-04-19","gCIYPQdNRZKkZRyEbxoHvd","5"
"USER","xLSVxrkJvO","XZuhurwYRBXCrKKaBHSqAllRgbkDr","oAxquvlImhBQizUARkrceF","2024-04-27","LOWbndf","96"
"USER","wzjiZRtZVjaOhM","qxudDELqvdxwLRXlVIeIktXeNyxioEa","GNPVCNJWDGKhgaMOE","2011-08-19","EQnKnVpmYsHhYKovAjgh","118"
"USER","QGnZIhQAvW","OQKuwKUcWNgUUUBX","WdWbHgcDEIZxVDWMPauw","2019-06-24","ZPWQVe","2"
"USER","kZkYqhGDjqlSgPyJmzQojxD","kcZLdDZbnOuRTH","AsgzdJNqRrNAISDeJ","2013-12-25","JApfIMIehBlcdmleXBlrBcevTyVE","47"
"USER","VpJj","cSQD","TyKRx","2021-03-27","n","185"
"USER","JhmajiFIjCMHbF","ccvKIJH","RAFDLPQQuHkzdb","2027-01-27","sddFiixxQTMrQYIRgfBNdz","138"
"USER","VaaaoNXeKzbCUw","aRVyuLddrSrngVwNELOxJtCwhm","iOoEkK","2012-01-13","NjFMvmdhnuQxlX","95"
"USER","xkekLwIN","eWBWoILqfmousnjJc","NFBFdhIshPRUppUtpYw","2023-05-15","oW","12"
"USER","AHsBiSkVYWd","TxmnNMvPxTPwlBAAoPzFAsRRT","vkrmerrtlHCcnOksxhTiuWBZ","2028-05-21","TdFrx","193"
"USER","BVuLEinaSAXEdOUrPvWtAGTzVOfM","zzcVDdgtREPPRp","VIOpYTkoHD","2019-10-07","yOhxrexalPgUvwKll","196"
"USER","oBmmIEeaDkepDqArpoGWTN","EcZCmFzxwEhYlVXSi","RIfonTdVoTnFmhyqVkXs","2019-06-12","DydQOSoH","114"
"USER","gpnOjuJfDDI","EimYhCcvRAn","wLnJAdUJdQFMfWyKAXQiAWFowvaigHY","2020-09-15","ItEaGikAWH","44"
"USER","ZzfCpMDCCUctqQYcaYmztSKwZD","SwDQaijeYKbpPi","RPPbMBmmmFpmq","2027-04-24","qNLYddW","183"
"USER","eh","gFTYRiMIAVkRN","wnoKEhiAjqMqWQEaBn","2026-07-26","VCkT","52"
"USER","NHuCXtLDfiFFjw","MneyLdXmJDGKKKAacCjFBTL","GlK","2024-08-08","g","65"
"USER","MFBNxNbVNPblPTsLK","p","ramFoXVmcWSy","2025-07-16","EizHoNqRNBiwctPtDYwyQkaH","20"
"USER","cYuoHlidLoIesrKatCZ","LlnkOfqWEvoFlAwWbopV","Wp","2023-04-05","ssLXZocjINHFzMDWznICJsFpunJC","70"
"USER","MTddiJofDjploKKNIXHRS","JbJFQDNj","RQROVwCcIinbgvMATVPkCu","2022-12-12","MwuizzlPCgKhAuztiTZYhkmVhPqZYAr","2"
"USER","YuTrWvHIsgMOdhQYBEaIHnycv","rEbYhMvJCJoP","SnMbRDljzJT","2015-09-01","aKRYqXLNfxK","94"
"USER","LYBrUxIZ","RW","aTQdabdircPz","2010-02-07","W","174"
"USER","TSiZRpVBRoinDpHLUdzaOop","vHHOXxumqvBtRgwDJ","zQfmqWaxbHWkMOiXOoaIvuPYNyyaLd","2013-03-20","YJr","103"
"USER","uOmPKHHaKjDXNfZZRTtHBpDIO","yKnmacexOl","tfwIPQGmS","2025-08-10","ulyNkQgzsCbGHZJeCFORdZAQkRFgK","115"
"USER","hW","DMqnMLAYSXcyauWXROwILgbQqjAiFt","wwkT","2025-11-01","LYBGAUWHm","160"
"USER","JQpFMIlYqtQmijDpg","UUQKfKCDBxyUmse","BKlHMSoDdNgiiTsjldlDAcFkV","2016-03-27","ZQA","60"
"USER","DiamtpdhUzwRT","FKBFbWYUxaVnVyhYXcMK","vVyjVVXajflRwdZiEYrsv","2010-06-23","jmdVKpeMmXzOrNCBnLPMeF","140"
"USER","qwIc","ftE","OIhUxCgtsJ","2020-08-27","KOtGIBbgcdZFBH","122"
"USER","qEQEcnOahcPQPfoSGIRRYNGjnsH","rjYDEjfqKQRaNNtsKTbBcFevw","VDHqZawh","2017-04-09","MudtEVRnllkZyaLERAdIG","116"
"USER","IFk","dgbYQwGqYe","BAShkmNSoiMyDuuAWqjf","2016-03-07","ZUrFhOqrctrytsCrOFofICNCS","94"
"USER","IiGPdbwKJDxaIAZt","GySAskGMSJCEbzeSXGR","qjEj","2014-02-21","QsBOiKfuGEoBvCbEAfRABtwF","17"
"USER","IPFdmRsjcibtMrRiDxiWvWbvgF","AgS","vdlYwGUiHoXooZOiA","2013-03-01","BgEOzqb","171"
"USER","XSc","BGEEXLsPeNEFsi","QAyzBggVxIBZNzDpAVJe","2017-04-25","BpjuMxifEIcaNLmSxe","119"
"USER","NifxunJ","rNjEShZrH","xUXZLsiCILswQxcidEXOrmoNfVO","2010-05-26","bIpLFAgmWIOBxkIVxig","144"
"USER","zCmXMMcdcvSYOsWwDmSrpveJiRAGvoP","YrsXRcfdmYELDyzigDrwbc","qQADQbmqVU","2014-08-01","cNFoRurZsHpgdccSVrQwBPgvSI","131"
"USER","rk","xwaNupLbgFmgTPZKLaaUKvyPRrG","jBEVw","2012-12-12","AjMdAmCkjnXEAhfJCbVPadCy","75"
"USER","exViZgr","KBW","cz","2016-10-04","dNHorIPZcUIAsnToHXJHT","149"
"USER","lJNDyYRdRjMpTJkTBSFNqchpIjLzBuo","kR","qzJtZHgkUUyUlyxuxuVJiYubBzIK","2016-02-12","rcgz","137"
"USER","XDqCRgSoSRoPDl","LAogTNsBsaAJeUo","Tqi","2011-10-19","mZnrmDgmu","42"
"USER","LPcWnNhfXZqkdNRtH","GLLmyufxMIhmukCjDS","LjfhhsQpzgKAbIoOuNScNH","2018-10-10","HBcxcdremLwaCGhoIljcXfky","23"
"USER","voXJriQqWSbIjIw","Qnra","IXvOWpWdUdnIPzPK","2015-01-23","EYsHjvkdULoJFXoPQNGSW","91"
"USER","aLVHnsSaSUOPoFvZPAi","mfKcsWqLyabnWIfOFiuHnWGiJXz","GluPftNjOJkdUDxszMVJUul","2019-04-13","ZKUozFbrTnrPifJDAs","99"
"USER","XfsXUsWDLTqZhrkeLGURp","ewzQGfOHEfVFwcFPvntR","ZWTIEeDSjrbejnvvKqmQhKp","2012-09-02","GwPDqK","49"
"USER","napWgNjbwLicyPcuWcrQOfEhw","RAJdfsBqoxzaaqZww","KRrYxaHgjfnNHZdwzIuFCmsPqAC","2018-08-04","FMP","144"
"USER","XGNHkBnJ","akZlyGccOttckdepgjTa","AzvVIsnfqdxZvVFzogZHYSojnC","2025-05-03","iVVvePZLNfdQKxfTEw","173"
"USER","wLfzGnVVBuzrWfOf","ZHRugpULAlNYZHiPfPoAUoRyX","yKPatBScrHopmfnmMdYB","2019-06-23","XtDKGkRqRgGlNJF","143"
"USER","kj","sOdp","yHx","2025-02-20","SLCUQVdPwhgvSl","131"
"USER","VacmO","SNrubLRCkfoyltKaukErmeycqHzrRA","sPXqsv","2026-11-30","SqBVnXyNuEIesvgAynrYi","193"
"USER","DnwvXeyXs","VPPzDgE","ITKjwkRJmmRaKaFvIURU","2013-03-15","fMZrqexoJfIeFpYbpvwMEfgYJNGcGla","151"
"USER","VxjXWrdUdRRhVpdC","bg","PtoZqwTudPVMWDrD","2012-07-10","PKzNxKMzs","167"
"USER","lbqgbHpMFkWRCXHfKtsRNLh","wtKwPXhucMyeUZEoUwCRkx","UAZGgJDa","2022-09-01","umnecKBjUwS","133"
"USER","LgxjHLsjnrTNHIMKPtDUCKhBhi","SByIKKsShfJyDicpHHqSwbjjVCdeR","VcrzHfuRDEl","2012-02-27","BrnZSkDSj","194"
"USER","KjbMIQWtyJjNUmnAJGXrugvuGQewXj","iOgrCdWFTuMwsPVDqxfjntfcjAS","XZmsMUPsedBWoCianOfeakJTlNwp","2017-11-10","DlWzn","91"
"USER","RbSQJsfsVRezmnkHufdnCSuo","XRsuYobnRYjqCVbeUHwW","ZJUtWHFm","2028-09-11","x","45"
"USER","kOprKjgKsELJuniOsCDZUPI","jlirbzHQyTWHoocIvsnD","LhRGrfKXcCstfVoKeXAdEcLlxweKP","2010-09-05","LBKWPNlbShCMhrtsXHNSZDPTmely","97"
"USER","yDIIbrEzAZD","RxhGvNMDbdKBmnDYQkNbUwEbpPuV","NzGVJpIKCNQRTjpyLGp","2026-06-22","GuKbrYNciuCeDmibEBGCzgXVC","23"
"USER","NxvXxZVzYHkcZlntjapBDKUKJjV","YBuSuacFYDBgg","iyWeXzReBcLVEd","2011-03-24","aUTVCWUM","183"
"USER","mMzcaHc","TNKEgIrlpnuppkSIbSBvWeR","OpFF","2015-10-02","REknBVZnhaKiAIQCLglpcbLaLfubrS","149"
"USER","v","HQGlUq","JOkRvdPVbbHaTsQVWkyxC","2028-03-28","KSQjWWplWYGmHnWQfD","111"
"USER","uxFyjWFqaGt","yqOUTuroWvVnvPAoaaYHgSsPi","IrZeMZ","2018-08-18","NcSxRBGQJGnRSfamMGCY","16"
"USER","CNJrLQGckScCGjBtDbCkZGldulHY","ENyhWTAMLfIHQHDXwMGhivjgEBa","LbdrgoLRJWOBYtIVmX","2011-07-14","qIQNrcJrycANIAKyYeusJTtEmLV","85"
"USER","bdAjmRetAXRZgYJQisiduKsDj","ScufnGdZTIzSKHbqzS","XjNricGvmgFyyuCkD","2025-08-14","egvyJswq","144"
"USER","BfMkPFXqqktH","quia","gbowinAvfpUsaJASDOIKAbqSA","2022-09-28","hSlabpVulwEopSVgPxVTRDOwAovV","94"
"USER","fDYlVtBjL","ilPkDpNPwGYfo","xKyezfXWNcarOQJfnGM","2026-05-18","KJeTzm","154"
"USER","RWYZwyLpWOFVlLSHiKvDNR","YeLKpjmBC","H","2021-06-07","HntXcrptYZzLWeiHWcNZ","58"
"USER","ogsiarpuVQTMP","ufxLKnCOzLOWmAe","wjYIE","2010-12-21","qYRypsecMrCGfUzstIOaYXVCFHMIRKT","155"
"USER","QuDgDuRCexrHILlbk","HDOkNRBPZXkeFNJDBXwIQIuQIJLjzM","SohizrZXYtLSfZpVZRGfQeQg","2023-04-07","mhuSRTKSL","112"
"USER","kYSSGLGnzxEmvuNZjmmTjfj","aacNpXAtyaCOhMx","abbLthKCjZiWxvjEKruhM","2029-01-19","HnMO","115"
"USER","nUktJUBwodmp","WbmJLlEuHzz","RUUZUzyziMRdwlLPJxWbYPZCeLI","2027-07-19","TLnvvyeyrpmOrMsOYpyYGhdn","134"
"USER","pGcotjaAr","LowBzJhUUmAtfryjTQxaGCTJtQ","VEMZnAjUnPzwTiQbhqzZCvlGSnEkA","2023-10-29","yvEqXhAkAxyToBggigjDF","1"
"USER","fuIIGdXsvEATICEfsPabSPUvSaEema","fDFoVjYiIwJSHmtozrRDdTmBR","fOqgHXqxKL","2029-01-26","WTUajbMltkRfwu","125"
"USER","jJFujnHX","pfeFkKkHTOPOSyKyevnFIbxAlxWyhhO","EQmGoWJjlnWQfanzkzVEIdQzvtNEBxD","2013-05-10","adtLMjLptQbETlWyaRt","80"
"USER","BovfXgXnasizbgYorjLheMM","ISkpOJzynFCScyP","ZxNYc","2018-04-06","RUPVSpoOgR","18"
"USER","gpfPiwSRC","AQFkQA","THiQE","2012-01-13","SwphivaktHTSNbkS","51"
"USER","tfPPvibhkzUdCbBfabzgXLRZhuHRed","GilukBnhuzjGMtFCYogVjqa","tJZpoEhjohSSnncOvoyAAW","2023-09-06","bGBvDteuLikPsJXtSH","145"
"USER","BOfeJGtaaRAGhTAuyPYuMLtNYbbZFhn","vP","MqoHTdRjiSwPiPvryujnOpredHy","2025-09-05","Ms","177"
"USER","fP","LiCtqKG","nFJewCCGxTM","2029-09-23","KeYQIeTQsbtQrHsdASPY","47"
"USER","yRRGalrdXxTpETmLblDDKUQiKjhKZ","SXIjOmRGMj","YnpVh","2011-07-18","ZwWmhEjzvmaEpP","27"
"USER","kUnaefBqIUcSWsQEslmsuWot","RkFp","bkBxwhbDhzkHWeOSnpNRGSdLRSxBYLs","2022-03-10","bzaXhjvHcqwFIvigVTTBbqSyKgdS","135"
"USER","ijUlpScaz","aTurtibXYSnMwujJaMyLRdJGgePQ","UsQHbcqRPdRSGCp","2012-11-25","rrPTtjMhUqhOsZiKPdCmX","172"
"USER","uCXTdeUODTFZzxAuzEFdCaEc","N","aHBnLZRihRPfKgclq","2016-01-31","VCTFanYvtxbqbcxzqRq","33"
"USER","luvYCOlsCGkamufjYUswysiJOJWdy","wDktXEjW","DYQoqQucgRwhX","2012-06-07","kfVukUMTwmdsWUo","144"
"USER","odpehzvEQtAlyzg","R","KLQiIejdTzTotlj","2019-09-01","ToKMpgGlImbQFEewPfccbShCtCNCCx","63"
"USER","R","lgqaw","BTpAlDL","2010-03-21","UTRxWFfgNaLlpLGM","8"
"USER","iTzsPnoOFnsqGKvc","VlhuplOAmkuz","EfRuEHhtOCUjFZKHrxoXdeDynUAlcZ","2019-05-27","zBcVtrDKqkDnBgOvYf","29"
"USER","wqXBHBCMesBAYdDK","ULZXpZMeVsecTYHrVXlPlKh","q","2014-11-22","kFNaulhsVUPkLlcc","96"
"USER","SofmXiKLcKnys","ZLDLZayvTHIBgkwPZoPRzmlUBSl","XgALgDdY","2011-11-12","XdaeyVJnlCDtHQEQOGwMXVDBdCZ","46"
"USER","fgnVi","CTHZZifXidz","MgGIadwoyylAHzYhgmEDIUSwkiDvUd","2019-05-22","GEKhCsYdaXMf","22"
"USER","yqzeLcgBfwyOyfVmQNIqXbGS","O","laiodFyHBVUPQKTasDIpVukBqU","2027-02-20","MRMrgpH","41"
"USER","UYebaRTxPlBZAf","EcXOSlgb","luNojz","2027-09-13","BlCNDqKMJBrLRaVNZdbijbPjsdDPVZl","82"
"USER","PlAlkOAzeZgAXraDKiNDMBqatOtQF","qEDxUogVJaHDfhdpiAGvbiYBV","HLBatqySffcPLaKFXGeDP","2026-01-08","hZUFeknBITEklRDdOpfLCwZbXvotU","15"
"USER","tZQMmqqEecYSDjfedDIwIfYhz","EkMjSKYILEaKADdQqzW","HmqLRAioRbtwYhAKSvALzQJhgXcH","2013-08-10","ZzFASu","178"
"USER","TCeoiMpzlWnKKqE","afIpVKjYaKUlYsEP","yDbvciqMztCZHPjLqI","2010-07-26","LgRttCbFiTyzzXfi","118"
"USER","sDOKBZpxvHNOnJcDqYnn","WFwkjjXyTXeZcyeATigvjzBY","PdnYRCEtMdEbdWfimuIn","2016-03-28","gYetTmCYYKWBTYdwjJQBrmtD","28"
"USER","PSPEROCQwqoYXbnYxBM","oMlJZKtEhCFfRz","HkkOMgkJTvYNL","2029-02-07","A","68"
"USER","vJDSWslwLmiLcXkjphk","VZSwRKHdH","bO","2026-05-27","vpdwzNiBGtudItpFQsHIQAC","78"
"USER","lNwQoVZ","UEMZGuOzDNQmHezPfBJPVwzanIEOQaP","CnL","2016-04-02","aKpTjE","197"
"USER","osIQYZlRWjH","lTtMRr","pkjPQrWORJiisckC","2019-08-23","PYABJP","188"
"USER","ymQGusO","o","g","2013-08-17","DGCN","182"
"USER","pgtqxIVKFFACMshpRuIAMP","XHICTTqFfrmy","JKuJZMwJuGNiXxEuLL","2010-11-24","XzZQmtjwv","21"
"USER","deWWzAQLsKfMOceUPgK","WYQMdNnRgRBnmAUrv","SEpGmHqsNLHZGIszwNIarzX","2014-07-20","YHpommoWcsXnoWMlkodlyIxNl","112"
"USER","UFwwBvKivzzfxGvQwFUCrfNpRwzup","QjxOTz","oNnfPUlBoViVF","2027-06-01","kdBy","104"
"USER","STOaytzhh","IcI","SexOAyeLRkeCvMyiJniplMX","2017-01-26","MrUAlFdXaKxUgcofuTQSJti","7"
"USER","ujSwDKjdQdzCmdQNUccVLcFpQRZ","unBmJjhJUhlkdbxCtmnr","CoYCoUionXkVO","2013-04-21","huBpZVNMOThXzQAufwLumpmjfpYS","160"
"USER","pApPvRo","rPsjAoQeZCHYSyyJkbOBAxLaGRGvGLJ","xkoQeQtYYoVvIHhX","2013-12-14","pkBfxzTAPxPxJeSTBQhlXHpXrg","70"
"USER","akMyUkLnjMhIVatvgjkEz","lgLUDnSYhnhP","vjrOkIqgFLew","2014-09-26","OCXBNaOYtLDKiEEOI","165"
"USER","jeJMgIPhKIZLDqAVuCEnJbMYaH","xlmWwEG","QXgqsEGQMdOe","2029-11-22","DhYInNYsQXdNlgbrqVKCeHQtXLMB","128"
"USER","BgF","F","LTPt","2029-09-22","aXdqPaWmJIfIISlbLwnABbbApmWx","194"
"USER","nGqjdaAHiaUUPfDgPaYfMgFwbeDcKF","SCoFUWOgkPieqrEUuJs","qqWNDvtrd","2028-04-06","GKNJzaNgvmpbgWotSh","109"
"USER","TQKiavxgnZUCvyWmPKesGIi","KOTkrGYLvufe","sDpxIxPxnhIngTBtdqttfAdTE","2022-07-28","WKOjxeOuWGNfMlXFcDhjexLLXku","88"
"USER","wXZPGfruXuwisLBwd","c","nwYsZXKXCNXREY","2029-04-14","acmsHoPeURGkfuafGckxidM","176"
"USER","hTBfYdJWlYXxZPFVkhkFSWN","tlFnBLGvktZY","kYhFzDcoVyowhmnTOLAOevdDKAaax","2028-12-30","Bg","38"
"USER","cSACkcYv","iBlTePcVjfVf","ocRIPfMSWhSmAbR","2014-08-31","mBagFGrLTYiQcrfKnGKJh","186"
"USER","A","SKbB","yXtmSxHllVWEOACaqJmxfDnWmgjK","2013-11-21","polFaFBIgHVtgrrHo","71"
"USER","WUoWM","NcBHFGJmiXYcOtnQFnwHmujiKMOPP","hYLfkr","2021-01-26","uWbcbSo","12"
"USER","yUcNSVjhirsMRdyJLAezfLelLHvX","i","DtMqkGZlsOdGxvFCENrmnLgVRwxSuFg","2025-11-29","yEUscklBGFNUKGAwyTa","9"
"USER","AGlDDJffQsksnqOYYBzGq","kRXClpaMmPsAYZO","UkKOaGRKgVnZTZV","2025-03-20","cBTnZBOPqSniwHrqIyNkvHrVL","13"
"USER","UEPEmRwlwPfKkgrBSusRzXYZ","QRmdTlZxa","ECyomzUYzKibZemGDsomLBaZukraWEo","2020-06-07","NrlkQDY","99"
"USER","ncSjdWvxfYGPnrculFJg","oskmqRguiboBtireJHu","NnMnOPmuOOvPbIzfhsmoahzd","2020-07-09","DSdDmGTWjfXHfigfboAFpXZGzn","95"
"RESTAURANT","eOMtThyhVNLWUZNRcBaQKxI","0.72317415","yedUsFwdkelQbxeTeQOvaScfqIOOmaa","0.7231742029971469","0.9908988967772393","JxkyvRnL","190","101"
"RESTAURANT","sPB","0.23724389","Oxm","0.25329310557439133","0.6088003703785169","QIn","17","74"
"RESTAURANT","gEYzhlSTPkcSUyTSbBkU","0.99089885","OV","0.8058695140834087","0.8754127852514174","dwprLNbgNvZUMpqAXLJbjE","56","130"
"RESTAURANT","M","0.30157375","O","0.7160485112997248","0.07191702249367171","yybxVLsNlAeLWVhnIULZAyLBms","73","32"
"RESTAURANT","yLUuEMaNwExpndMYYptSXZv","0.2532931","ExoLZAnxWro","0.7962609718390335","0.5787169373422367","zQeAydAJIwkGuKWiVZLRcElhreuxvw","43","107"
"RESTAURANT","aNVLssRUe","0.57412946","MedmIqFUtdxTB","0.9081256181340881","0.14891457880475456","RRVabC","191","144"
"RESTAURANT","FkG","0.60880035","BXjwiQjQKBhPbNYa","0.9752198973028869","0.06559603048899776","oDLDPR","96","68"
"RESTAURANT","qPFJOkHIpWuqUBpPiSGKutNzPuBDe","0.2588815","ZfevGGIyInuRGUCg","0.069517882499888","0.09075229373741134","GcGUaENkutTuUTC","86","195"
"RESTAURANT","PSxwMDkpVdpPPmMkvQzMPMzmv","0.80586946","OeNujiqMhRMxZqYNVITQFLfat","0.424466728150947","0.8743910443467884","DljaRmBHVP","195","181"
"RESTAURANT","oMDBOXQZoTV","0.6223695","TRibibvfrV","0.5751038641017991","0.39649686962163044","UEZ","194","43"
"RESTAURANT","TFWc","0.87541276","AFCgCUKZOnRWjfYXGfQa","0.2583152499919018","0.15279215278932223","eulM","194","86"
"RESTAURANT","rNdKIneNxIvWnrOaoRCo","0.5492985","blYrsQFiCOxvKWEjrAsPDzKxhf","0.26042993046009955","0.461681947326973","mjLgOGYauEgmMmxBzA","119","54"
"RESTAURANT","yaVUnOnIbTeygCJPTWqGbAIxv","0.7160485","EMePviztmdfqpvNrRqHVbFAphbnBMTI","0.43910079053781725","0.21140543336987017","ROL","131","150"
"RESTAURANT","QpVRFpRXlWkaZgdLUFlWyKvdrHf","0.16221565","KgZIFWDnwypaEupdRXDoXqDqJYSu","0.6142121425583967","0.033457911602970625","EuOxsDtMWutbmjqfypdBQigZk","106","100"
"RESTAURANT","vGOosmixlhAkVJqloTKfzouiPpa","0.071917","WXBjxEYAukF","0.6888961212637748","0.6841127998963015","KNbgNP","33","129"
"RESTAURANT","LsBVdlMNlSsOFvnyYG","0.6818127","vMfRBFBQTCAXujDhGGHwUpKLx","0.07525892789175403","0.9468056917253095","nEOxJtAzCNYJESqYyrownyle","107","48"
"RESTAURANT","BSuuuhtxsjbfwZYEWqrMoERZwi","0.79626095","VbdTtMjmWLVJdmhpPdXcLEO","0.43687662391775806","0.6938155355507727","ePwoqFBxBHAcdvXeItY","40","198"
"RESTAURANT","vfGUbqPjfDQjzUXCKwu","0.26765352","OqcjIO","0.6763985131466044","0.628783593520223","MRvUFXXnMrEml","1","120"
"RESTAURANT","ZozqmwXCSgjaOmseCOwlqrKytwgUOz","0.57871693","sLsMK","0.574704125982726","0.38797168098943247","OMTiBJPLXEijWVCigyGiabrJpQj","53","89"
"RESTAURANT","OiXKrsyOBCjEqGXTSPTaSJMatrhF","0.24259669","ebZfoMIAAQjGyIrYzxhEbRpeQ","0.1891282709934512","0.0267215845793074","XeD","189","177"
"RESTAURANT","JYWitjSodgE","0.9081256","yQYcIOkvAhLTcmYrO","0.03155676443254718","0.8304079979238755","LszOqwGlmyzrhupKjZNKuuiOP","110","54"
"RESTAURANT","olqwISJ","0.60227644","OtzCNOSxfoRrtAfJCbmCI","0.7400861058470858","0.9414723936475872","mLHIRhFVIjiziEduCgomzdXPPtQq","36","143"
"RESTAURANT","tWTcafmTx","0.14891458","RQraCtCxLklPi","0.8259395707053845","0.5142076728663578","vKOVaTwAKzvNq","106","67"
"RESTAURANT","l","0.21662551","CGXKUncoGjNmiufEezsqjyaf","0.5940759125807061","0.22827449966431468","frIBPZPaBSoCKMLUHpjvOgdpkHbj","160","5"
"RESTAURANT","iCGpFLjieraUbUBrfUNpNDetDurdT","0.97521985","EuwhAbssi","0.3031688357711161","0.6950448115731811","VUsjukttLVNgALOeIlaRbcuCmRofUK","57","134"
"RESTAURANT","RCwdOHKbJuFhfYRW","0.45819336","RxtRlwILVXbRvbIODtPxDYpLArKUnKp","0.42826329812768404","0.9654773687646384","xzNsZDNC","122","148"
"RESTAURANT","AikVFYzzABIXIciOvSgOqPqiBX","0.065595984","Ebyrzvmdzt","0.7254308647494523","0.33515775627406486","VWTmdEhzBFVRTXZmUxvJSmva","73","103"
"RESTAURANT","fmLLG","0.089025974","FjVTXbAxyytUeUpdT","0.9582892859880994","0.485324267920187","mxPZDfJpnljucaA","44","197"
"RESTAURANT","Um","0.06951785","trzfWzzyVzubjvJIkgGTznStmeK","0.24557341941689004","0.6952227869311726","qUTKprXzzGKWJTteLLldkvYAfDigjGH","107","21"
"RESTAURANT","N","0.12225294","EDGPoWXRYhzLCqZrqc","0.21943353035855562","0.11118366998794427","uhKmBaTubLYSdaWHUJH","184","138"
"RESTAURANT","cokqwrDqNcH","0.090752244","gRUMSrpufyRcqQ","0.5662963764548806","0.5147108545643169","OIAFRT","38","4"
"RESTAURANT","hotdTNumcvVtskDixjrBneWUJHIQj","0.33811194","YOJBDPGnnTRmRWBGLGy","0.15459058190622266","0.5520653852496394","CS","93","94"
"RESTAURANT","vZIVrwxwGDssxDbUJcQkzKoDlgF","0.42446667","mfouzbiNkzolSFrPmBspQmSZlfHwjpa","0.26316533481665205","0.28087958437068716","oEbhZUXBUdkMmIsJOnuSaRdTVWJLbZ","97","158"
"RESTAURANT","ytJyNtGTiwZOXxVwz","0.93200684","tGalEUwqlm","0.41570632387277495","0.16795295842446134","hDmmQthYYFjIPondZtQsgrGeEpf","174","177"
"RESTAURANT","URejUGaycpjpeHvdeBjHEyYdD","0.874391","diSgsn","0.8328803223001962","0.30237382938814084","qMQJATcDzqOYckaL","124","61"
"RESTAURANT","Ujt","0.67788655","eHppUvBxtkWVBoxKEkXDuaeXUvAI","0.4464537357793863","0.7384290807890469","rNtpIiXZzVxcuPIgGd","140","105"
"RESTAURANT","pBmkgXvSAjWnhgSrtxxGlUCNKUWz","0.5751038","VEtrnGdw","0.017489337850930542","0.17547757156843125","nBRI","34","51"
"RESTAURANT","k","0.0018820763","qJVAnNVZCkRHDkEDwiPuUw","0.9813106674459254","0.9422660824636306","lCcfCjg","122","58"
"RESTAURANT","YTyI","0.39649683","fHQZ","0.8507438183259146","0.7593810557822528","pAmRvcwdcmr","157","83"
"RESTAURANT","pqrgYEfgBQZscwWwv","0.49986368","exJVjoB","0.06983451691766518","0.48709919873822505","NJoDKy","123","176"
"RESTAURANT","jwCTSeCODYsELoVqtepGSijxlzk","0.2583152","SndTkKJKKa","0.1745518904611304","0.9613967828440546","nkYlpfjADcSTDyUMJzF","1","178"
"RESTAURANT","x","0.9808325","JLKqkRmLoBqMeY","0.6148120161992859","0.7159949501167014","ELHLoSeYgAFmxlBuWtjEADfexbdcH","96","5"
"RESTAURANT","ubKPFcxZCFxI","0.1527921","pxzv","0.08149227174574758","0.47387857059192207","N","2","118"
"RESTAURANT","nshHyKXyfy","0.8018058","DkXUUHiqBDKqd","0.19909472677195994","0.5616730674389456","fvxNRzti","185","47"
"RESTAURANT","cIsbRuEoEmVMcsiMhqPjlgdvDtSBg","0.26042992","LHKLXsjkW","0.8536096298337983","0.1016681997993476","et","95","138"
"RESTAURANT","ppcgdpfLRJRHqpnLLDqCU","0.7847763","nsBrGMfgVLWFeHMNJLTTRCJQul","0.6683140612495478","0.9193351742870387","HsHsCaiBWSTIo","193","12"
"RESTAURANT","ZPWQVe","0.4616819","SPhjKow","0.48822057747366543","0.4722142836383829","i","114","196"
"RESTAURANT","TyKRx","0.014420986","n","0.5353019943831996","0.8654987417334911","LKbGrBMFQC","183","44"
"RESTAURANT","aRVyuLddrSrngVwNELOxJtCwhm","0.43910074","iOoEkK","0.8282163911629191","0.7300786508132182","NjFMvmdhnuQxlX","65","52"
"RESTAURANT","AHsBiSkVYWd","0.23449486","TxmnNMvPxTPwlBAAoPzFAsRRT","0.7769268493858018","0.6629306851502681","vkrmerrtlHCcnOksxhTiuWBZ","70","20"
"RESTAURANT","PREKfuylhspChntCyAb","0.2114054","oBmmIEeaDkepDqArpoGWTN","0.647357215491136","0.2833653573340025","EcZCmFzxwEhYlVXSi","94","2"
"RESTAURANT","OrTaSWaNAqzaEDxGfaRtHvJcWSzcTp","0.47687966","oHdxflQikxamDJjKqlFgIWndzkJXNy","0.005186258410748934","0.16071957622616795","ZzfCpMDCCUctqQYcaYmztSKwZD","103","174"
"RESTAURANT","hEvBnTAsxWVjJnOMkhAnEOw","0.6142121","SCwTesaCjJErQnVqliWvO","0.780309732765597","0.7916784518594653","OvATLsbyzzHQKqovdRChYN","160","115"
"RESTAURANT","EizHoNqRNBiwctPtDYwyQkaH","0.14210004","umtRYvWN","0.3117819715124699","0.02372128403098228","g","140","60"
"RESTAURANT","RQROVwCcIinbgvMATVPkCu","0.033457875","MwuizzlPCgKhAuztiTZYhkmVhPqZYAr","0.5326884083087974","0.36353401318531553","WaOIeyOUnDddElLQtXYBkZQ","116","122"
"RESTAURANT","RW","0.43948776","aTQdabdircPz","0.3090342672889538","0.20705779115056422","W","17","94"
"RESTAURANT","uOmPKHHaKjDXNfZZRTtHBpDIO","0.6888961","yKnmacexOl","0.15811812466802477","0.3657232277640391","tfwIPQGmS","119","171"
"RESTAURANT","BvYLGIsBS","0.11201817","JQpFMIlYqtQmijDpg","0.01987654069995526","0.2290447427367961","UUQKfKCDBxyUmse","131","144"
"RESTAURANT","DiTdTqSg","0.6841128","ocMRJycGFtCKV","0.14734378462417386","0.3379430273493287","qwIc","149","75"
"RESTAURANT","BgEUNLoWGmEgDImWti","0.8489001","brSUGwOduZvsbpkxltqD","0.3058032092686285","0.08986786180559903","hqY","42","137"
"RESTAURANT","QsBOiKfuGEoBvCbEAfRABtwF","0.07525891","FhDtJIFIDI","0.4386703976376072","0.2530810140170595","JPgQHkEpJWAuZCefSO","91","23"
"RESTAURANT","QAyzBggVxIBZNzDpAVJe","0.15667349","BpjuMxifEIcaNLmSxe","0.4640270585612969","0.13352451959402267","KRYKWeoeWYAn","49","99"
"RESTAURANT","YrsXRcfdmYELDyzigDrwbc","0.94680566","qQADQbmqVU","0.4295248350895613","0.766862374848878","cNFoRurZsHpgdccSVrQwBPgvSI","173","144"
"RESTAURANT","exViZgr","0.4004197","KBW","0.47373501995925704","0.7569913113067654","cz","131","143"
"RESTAURANT","wPjGCiD","0.4368766","XDqCRgSoSRoPDl","0.8456883679089797","0.16013595159641492","LAogTNsBsaAJeUo","151","193"
"RESTAURANT","IRZXFamLrl","0.9392759","gqYjcSa","0.1262142127937652","0.6332743310673092","voXJriQqWSbIjIw","133","167"
"RESTAURANT","dtWNyfIPDfPwyacHc","0.6938155","iBWthObkDKoCXcysqljgqh","0.10775700279466349","0.39289775562122153","YnNXutPZfcixBiJG","91","194"
"RESTAURANT","FMP","0.41636395","njsiSxrPm","0.9347523077653593","0.03394392388012901","JJHesdSwR","97","45"
"RESTAURANT","yKPatBScrHopmfnmMdYB","0.67639846","XtDKGkRqRgGlNJF","0.8236439887106316","0.061219786676922405","TJJJoMViIRfotcXYAMeyUCtjrg","183","23"
"RESTAURANT","SNrubLRCkfoyltKaukErmeycqHzrRA","0.82855767","sPXqsv","0.287600308100715","0.9119509109778238","SqBVnXyNuEIesvgAynrYi","111","149"
"RESTAURANT","VxjXWrdUdRRhVpdC","0.6287836","bg","0.4314473127762968","0.07657290158990859","PtoZqwTudPVMWDrD","85","16"
"RESTAURANT","cxDv","0.6629799","LgxjHLsjnrTNHIMKPtDUCKhBhi","0.780917184062471","0.6369668764890946","SByIKKsShfJyDicpHHqSwbjjVCdeR","94","144"
"RESTAURANT","abGcqeuexTQhPVDdhI","0.5747041","al","0.81876239832529","0.571602524934773","RbSQJsfsVRezmnkHufdnCSuo","58","154"
"RESTAURANT","izSRwNbChNbbBkQeEAtUeitmUOlgDW","0.030813575","nCrQzwpgeaebfRMiauIetoWltEwXBuG","0.048499993353021575","0.6631861738505911","cxqzVimFVETjh","112","155"
"RESTAURANT","aUTVCWUM","0.38797164","tKjCxMowKYtJmgICbolz","0.9525280776859375","0.8772363457800377","dpFmBAcviGFpjDsTpGzALcWZA","134","115"
"RESTAURANT","JOkRvdPVbbHaTsQVWkyxC","0.7753712","KSQjWWplWYGmHnWQfD","0.69123457180554","0.9534726942627975","lS","125","1"
"RESTAURANT","ENyhWTAMLfIHQHDXwMGhivjgEBa","0.18912822","LbdrgoLRJWOBYtIVmX","0.16775194011929062","0.4130733703648567","qIQNrcJrycANIAKyYeusJTtEmLV","18","80"
"RESTAURANT","BfMkPFXqqktH","0.41665465","quia","0.10158617346993115","0.683929913239893","gbowinAvfpUsaJASDOIKAbqSA","145","51"
"RESTAURANT","cJhdJJyDkRaUbgMkgbzJfvdzaWDSm","0.026721537","RWYZwyLpWOFVlLSHiKvDNR","0.78396856157569","0.9863243067977903","YeLKpjmBC","47","177"
"RESTAURANT","IYUiQomPCRxZDUELh","0.18539721","kLaBjDxm","0.07708076532512831","0.6094176094725173","QuDgDuRCexrHILlbk","135","27"
"RESTAURANT","DKFxADBtVoTJiHWScRJRfShQOjNEoLA","0.031556726","VolpDcS","0.1450425317246743","0.30414317166082083","rkAztiB","33","172"
"RESTAURANT","yvEqXhAkAxyToBggigjDF","0.6125838","GqmnAXmgmyKbmMjoeEhk","0.12161176142807084","0.4832345570371346","OoI","63","144"
"RESTAURANT","EQmGoWJjlnWQfanzkzVEIdQzvtNEBxD","0.830408","adtLMjLptQbETlWyaRt","0.010935340099124335","0.47001064536583137","SccWjhtqKpqqn","29","8"
"RESTAURANT","AQFkQA","0.39718562","THiQE","0.24453886715828366","0.09313137108600067","SwphivaktHTSNbkS","46","96"
"RESTAURANT","BOfeJGtaaRAGhTAuyPYuMLtNYbbZFhn","0.7400861","vP","0.46931354076562126","0.8568998711539078","MqoHTdRjiSwPiPvryujnOpredHy","41","22"
"RESTAURANT","gWghjNedNUSiGMBccgurJ","0.82558167","yRRGalrdXxTpETmLblDDKUQiKjhKZ","0.8849290024162565","0.8010129839502235","SXIjOmRGMj","15","82"
"RESTAURANT","SaCRIgNvLhL","0.94147235","L","0.180383052823047","0.028275494081400843","ijUlpScaz","118","178"
"RESTAURANT","vtbqoEQcxRcEKatfaXjz","0.82505035","rkUrYYyQzcstwvqlHvl","0.31192216524211536","0.9551359430850607","mqMAYTWpJ","68","28"
"RESTAURANT","ToKMpgGlImbQFEewPfccbShCtCNCCx","0.82593954","hihsMfVx","0.8200925219612185","0.3125478738866171","augPzILyxwmWUIHsfirQoZYqqrb","197","78"
"RESTAURANT","EfRuEHhtOCUjFZKHrxoXdeDynUAlcZ","0.32268602","zBcVtrDKqkDnBgOvYf","0.4820872714140031","0.18130066238854037","GyWETtROnAAHVJXoTfjvhx","182","188"
"RESTAURANT","ZLDLZayvTHIBgkwPZoPRzmlUBSl","0.51420766","XgALgDdY","0.044856382804202344","0.22742330102185093","XdaeyVJnlCDtHQEQOGwMXVDBdCZ","112","21"
"RESTAURANT","yqzeLcgBfwyOyfVmQNIqXbGS","0.78614485","O","0.8707667708431337","0.3534840566199541","laiodFyHBVUPQKTasDIpVukBqU","7","104"
"RESTAURANT","rAjAoGzqYrGuUoTIBzZpuOmaiMsjfU","0.59407586","PlAlkOAzeZgAXraDKiNDMBqatOtQF","0.16520593574327203","0.19766289887246657","qEDxUogVJaHDfhdpiAGvbiYBV","70","160"
"RESTAURANT","BEh","0.62305444","tkpCurtGXrHET","0.23679075583641251","0.9945536151314497","TCeoiMpzlWnKKqE","128","165"
"RESTAURANT","ST","0.22827446","WcnLgrYRSXdaOkqZUANsfopgZmJZG","0.986284892071741","0.9130820597278025","TFtUydLVrbwublYhdkX","109","194"
"RESTAURANT","vpdwzNiBGtudItpFQsHIQAC","0.3526405","YtEVksQO","0.6285746923090954","0.9641490765376436","DzUiqTsioQcGRgMuiilN","176","88"
"RESTAURANT","pkjPQrWORJiisckC","0.30316883","PYABJP","0.9498632255728994","0.2331931928649943","vSXBcXxhJmFSCKeby","186","38"
"RESTAURANT","XHICTTqFfrmy","0.16880214","JKuJZMwJuGNiXxEuLL","0.1944973492064338","0.5535130612324953","XzZQmtjwv","12","71"
"RESTAURANT","UFwwBvKivzzfxGvQwFUCrfNpRwzup","0.69504476","QjxOTz","0.7955515854223575","0.7607146524531969","oNnfPUlBoViVF","13","9"
"RESTAURANT","JbTFPNTuZbrUGhDlrcWmK","0.7337702","ujSwDKjdQdzCmdQNUccVLcFpQRZ","0.5215886873681563","0.52599755713938","unBmJjhJUhlkdbxCtmnr","95","99"
"RESTAURANT","NeZrSnzKLALzGkVIRBaKcuVpcvDXeS","0.42826325","PES","0.44815542624867843","0.07823889965527187","akMyUkLnjMhIVatvgjkEz","124","119"
"RESTAURANT","wVVbDKZKCqMURkLNpxoxzPZXfSgOwy","0.43024218","OsNIBLPjSYWPhsaFJk","0.293939787517563","0.21716842480174436","IXYR","28","81"
"RESTAURANT","GKNJzaNgvmpbgWotSh","0.96547735","NsTqUMix","0.733616898224158","0.1706736992328015","WkIbsy","1","132"
"RESTAURANT","nwYsZXKXCNXREY","0.43550396","acmsHoPeURGkfuafGckxidM","0.03588016591962406","0.539875284603039","auooOwjZwWB","185","52"
"RESTAURANT","iBlTePcVjfVf","0.72543085","ocRIPfMSWhSmAbR","0.8277494941255742","0.7406401001426257","mBagFGrLTYiQcrfKnGKJh","5","68"
"RESTAURANT","WUoWM","0.24387336","NcBHFGJmiXYcOtnQFnwHmujiKMOPP","0.5848504809078479","0.627349569569006","hYLfkr","99","173"
"RESTAURANT","pYejFmSgjSinLd","0.33515775","AGlDDJffQsksnqOYYBzGq","0.04997879437164565","0.9648310259209602","kRXClpaMmPsAYZO","81","190"
"RESTAURANT","YfPOjcRAaeGBmeSCU","0.28434134","rUVYjMgDexPyEiDfBDI","0.7250312103696261","0.8913386056087402","ncSjdWvxfYGPnrculFJg","146","34"
"RESTAURANT","GcSJqmWHfc","0.95828927","ILalmVHIAMnyyAhsIHSKUeoi","0.7285598966158668","0.7364056067704764","EFdUFTqIvd","85","159"
"RESTAURANT","wloOPXSdcQpLBDmtRbBSXkLVEo","0.36603242","UOtOGU","0.1051711542646484","0.47247967319890505","FPrCRNa","86","134"
"RESTAURANT","T","0.48532426","WWeygvUtYpKatUsBMolRhcWVot","0.3842508861547216","0.5918132108073756","tXJFHoHwCuuhvUvC","35","168"
"RESTAURANT","yEJbDUXBgPucOKNEsUTfDvbRNnHrBn","0.29175538","jCoHqlNoXcPzWzZBjjlL","0.1626920823135357","0.41656181725144326","wPIrKzfeJyoC","167","198"
"RESTAURANT","jHqKTXfPPBluRAQuZVGDAY","0.2455734","hVWp","0.40617825701053334","0.33001304992373603","jqBvnUpzjCYKWTbITgiNkn","112","153"
"RESTAURANT","elZFkFYLRDqqQeHfbTnlndVtQLLieQl","0.20566303","MTS","0.2810286227211517","0.4230202484610498","UNsFNmOMSwDnNCKAlMFPKve","149","76"
"RESTAURANT","rnuvu","0.69522274","cuAtCnsyOyaIQXbVLgsc","0.726639210030025","0.7978741814026805","QANgQlPeEvzycuDnwKKiNqwwDGIh","141","184"
"RESTAURANT","jgyxxwWdqJWbA","0.457865","inIBH","0.8182956476969212","0.6809521868110479","pwwqnEBfz","124","190"
"RESTAURANT","mBhtIBmCMM","0.21943349","ft","0.7408426888498517","0.43761188539425855","xtmloPAiVxRDqZQ","73","153"
"RESTAURANT","TqkVsyjAPkJAdGCDgeZPUonM","0.9458721","bKwjIaKOZyKMxA","0.9627579423239608","0.13313888331066603","dYWgva","91","135"
"RESTAURANT","DspziWvqOeokynLZfenPUruOEDleI","0.11118364","oRWNLmpmW","0.8630992943860282","0.9704364476594556","LoHqNeOAFMrFeujEjQBA","83","183"
"RESTAURANT","YVksu","0.7882418","FCORuuVjSWrPDJAlawfxQvmNzbwEON","0.5942096198702812","0.4900037564433044","pZn","8","138"
"RESTAURANT","kxKbzpzqdzTRbctZdpWGpwcwEhIlJjg","0.56629634","GVCvMFJWiHcILAGAqv","0.662727936256647","0.02516050871129194","hfHHLhov","164","169"
"RESTAURANT","kehwrPZrgMzsOlzQqp","0.51120335","wGH","0.4602541649752073","0.4531318104799654","PAQNFhcvbCkUOXBIXwSJAZOpCqqTaQk","43","40"
"RESTAURANT","IpmKDSjqssncmCBuSfvKQhF","0.51471084","FrMAIjVmqpCUaOMEPYkwy","0.4809546524791104","0.6113319357708702","HgvvvFflrmhqzVyyOWaQ","175","197"
"RESTAURANT","NgaMrtHYOCOdXtLqFuwMPwZH","0.7382805","MwYFHuMovHvXiMrBF","0.012608030317591723","0.9019211213824518","tQumFYqitsUXoM","6","194"
"RESTAURANT","zBeYSmwHfzbLmyLcy","0.15459055","fGMUCgmpap","0.7943374701732097","0.08352871056265854","QTJmadJUyQtyLXwGQlqfpL","22","50"
"RESTAURANT","dPkSbgFiCsc","0.33682555","dqogAsHghciwGJZouUAodZwkPERflM","0.1909339751814113","0.24713181158039454","vccLKM","100","196"
"RESTAURANT","USLIXkGW","0.5520654","eq","0.3607579417512543","0.6467737331411232","PYArXAFyQTYMNlBLjZxHZTJuOPjdl","193","170"
"RESTAURANT","gwJG","0.85782564","kTIfqTLHQoLvRfDb","0.2903433256628257","0.7615443888729523","uEwV","180","11"
"RESTAURANT","BVfZgcyLJbSpftGJbiDiI","0.2631653","uiunRpEIHwxIMIZVMkadhIxRij","0.36077905179607483","0.5125965771472241","BZAYcqXZaNLJFYZx","35","10"
"RESTAURANT","FCKcC","0.66372514","UWyNTohPmklAkhJh","0.8035883706573144","0.4606331267317777","JuBjBUGgLUx","187","198"
"RESTAURANT","daayekbPUNjtnkBYKcbXAlNnnoKQeky","0.28087956","yzBGezHcBYsrWCHwMt","0.33017600466297525","0.5310902227599192","oguHO","171","141"
"RESTAURANT","RNWAMOxOeZu","0.82790893","QrQSeVJWdzHzncjCkpBtukdcWAav","0.790100046249057","0.025106931104334818","aSJGgRdfVKEXkODEyyG","142","169"
"RESTAURANT","qCxeMXFsTeuPhd","0.41570628","KMqnLKJj","0.6687046374782144","0.49638141986167006","mygbgPbrCGxcbPMlOewtG","184","120"
"RESTAURANT","NPPSyuhlvffXVtHzOfOYpl","0.15271801","vOihCLfO","0.8914077313721324","0.33236456762249533","isofMbZAepK","150","158"
"RESTAURANT","jqnvrLZrRNXWiglvTREDPX","0.16795295","ntbRd","0.9056801440108366","0.35125244818858115","YwxSghZYJsOUUICOBSnOq","194","66"
"RESTAURANT","KAjpTXBmtohuJJLNbdEi","0.24530482","osLLAApkOSRrCEFHvt","0.5861116711588213","0.39535659547413227","HQW","150","52"
"RESTAURANT","BqEJNgwzTHmmRY","0.8328803","tDSZsdguCiMZPhuHsHDPUV","0.7046962183492143","0.2012237562057445","OuZzmpqtCULPSjjmqPz","52","32"
"RESTAURANT","AvzIQcFMFPPXg","0.27752","LhJfeWVJUzCxXsdVtC","0.6574606998567744","0.8950419462231658","aoKEAIJICpmeVlReEFqjcIB","39","59"
"RESTAURANT","jRlh","0.30237383","HpH","0.7978228255114195","0.389226328951065","VXHI","56","37"
"RESTAURANT","qUEjnTUXfyqOUwXSKOPQrYndhAxtdp","0.19356793","rrkHdVVqBbSJkmAuvwi","0.13272148811280038","0.03657209721163446","LtndDIVqUAtBVfLrZjfUHXAeHM","175","54"
"RESTAURANT","TPqPNfjIVVimCvjEc","0.4464537","XOpNDdbNQTLtndTqnnpKM","0.6538787147921488","0.8790633675154589","rkc","153","148"
"RESTAURANT","YdzoMFAtoVfQyskvjRiMPbz","0.03671074","jcWwGVKPIiXvxeAHrsmwoIxI","0.14590749465316022","0.15953114371784405","IxvwOEpOsQjkLD","72","38"
"RESTAURANT","ufrZXEjyOMhtZjZszcmE","0.73842907","awMkUItWyf","0.7058820190600685","0.8491808283077994","R","24","152"
"RESTAURANT","HegvmE","0.75631714","dpPYQeoKlSEJzqSDerxeKXF","0.27406916997304964","0.3890056525682125","jJpxwt","160","53"
"RESTAURANT","xikiAuUtJlH","0.017489314","ILJDQpBUujwXFJxTUoeBcivODRNv","0.3895410943446329","0.7078372973240155","wsxQjFXTKDQRdonyLXziSRnLtVJv","122","43"
"RESTAURANT","YsCGSnjkeqT","0.5952881","XaGvqqOQbUVknEC","0.9022298024304968","0.6269531032385567","egpJuOnKHrTSxQguHkwFynUAMxls","97","23"
"RESTAURANT","uWQFJeYvAQjcze","0.17547756","nvUltWDwpRbx","0.077654438501508","0.706583238720199","fkkcqAsqRskZLFMrtfzAmLWnSvwZTgL","146","113"
"RESTAURANT","pn","0.48543608","BPDdUZMbWjeDdgFFQhDAHmlJt","0.08318387903493174","0.3522831976273263","psEhlkTWxWnjwRBIZo","60","127"
"RESTAURANT","uVPOwEvhDdvsnGjhcGFvlQz","0.98131067","oYlLyunqo","0.2345471535377266","0.9510304806838061","lGpOcbZGWlfjbLoAQJfTuXOQHICs","31","147"
"RESTAURANT","vKQZcVxJxJtGZxTaEjQveSUDZOC","0.1233778","GaBVDnvOzrBshBwQHTUxiPYv","0.1757577290886153","0.023261989010801454","YYANmAehWJDZPTxXkhCUwkUziRFCSt","155","84"
"RESTAURANT","HzGkRAu","0.94226605","GJHNjSoPC","0.7601790626840021","0.8862130520622233","IkXefDyY","115","22"
"RESTAURANT","GOjJYs","0.37986457","pzr","0.26876551377875113","0.3572932285882292","H","78","123"
"RESTAURANT","MHQLflVGYakRIpEffyEccfnIowHTQt","0.8507438","JuvCJUFMULFHEVlMZA","0.545316975777981","0.2684104882696554","bUpRCGylDKHCeHndZhjvbslZPQKxEKU","4","194"
"RESTAURANT","CTGkXltdxPIRHp","0.20287448","lfeXOZhCcuC","0.027775471085493497","0.40082771353944435","cmNQeHXytJhesWXjidRsQzVKS","50","115"
"RESTAURANT","QKbGYUDCaQ","0.759381","INnRcufCUEDOXmWxwwLiMiLMCGFgh","0.7171720113696414","0.22612542342463815","UqecvgMNfrplvGtNhRqJgT","53","155"
"RESTAURANT","diLWAp","0.99666756","jgithCycC","0.1379352098378953","0.0960957650386749","wkULlcObAKbAJPqcQuQkfVcOirmfJCb","28","9"
"RESTAURANT","mpYCnDXMFqZjWDGqCdLafALjRctf","0.06983447","PXKOqc","0.9191604387310764","0.2599775449832257","HNyhYyToJdBStzv","22","2"
"RESTAURANT","xxJCGyUDQipVTVfKNuFW","0.09833324","JZCgjpqYJRRoWBmHN","0.9584868504107341","0.001554053090900398","KmYViTzIDLtnfWHhZphMT","163","163"
"RESTAURANT","BqdXTnxNylAfHlvNAIFP","0.48709917","CxsmgAeHbXqAcPNEUQywTUyLARcwZe","0.238954002310234","0.9345956732166085","Bk","150","177"
"RESTAURANT","lHgzOkAXmiXnyAIVuaPTAeOsSIRI","0.8826325","BrWPCHTkthff","0.35323612125861203","0.9293825987305094","ihgoosZWlQxpUtAk","114","61"
"RESTAURANT","yEwLXvKqUQiML","0.17455184","LYZTapPyaExqTBmwqwyKFgVETN","0.07574420799543491","0.5751612845270181","cYTjUq","157","8"
"RESTAURANT","nabIYsS","0.07789886","kDZwCPXaXZQopdB","0.9161219348578706","0.5260637840690285","NGBDnfxLmvImtxfkECaLow","184","190"
"RESTAURANT","BpwoegVNxeu","0.96139675","UiXISsxmLhF","0.3206520218549299","0.49707584386086223","rmOgjMUJNXsHWUF","44","37"
"RESTAURANT","uCpMXt","0.94991916","t","0.9721661824040926","0.2410199642950036","MiqRIApJFoMwRXpbeJ","78","137"
"RESTAURANT","QKDmcwpSzVw","0.61481196","JCQvoGyuRDrVclPEqCRzwAk","0.7134731062365166","0.16929522830453225","zNGhmZyxdjRHUbX","4","118"
"RESTAURANT","gaZWWMhePiYkLxY","0.9806836","qEDpZ","0.8014660434794648","0.7034818593749527","dFgaciRVL","68","165"
"RESTAURANT","QPS","0.7159949","FsmkBqhYIj","0.13445578719854534","0.24019503145853272","I","104","22"
"RESTAURANT","vN","0.7320685","DrfCDryoVHIGwglfZ","0.507523779720445","0.2592051296879383","NXSFZPoOWzIOfR","92","121"
"RESTAURANT","aOAPUhaRJyDNcXzoXlvmFyTrZasaLnZ","0.081492245","LHLwJKzFJRLSGOZDGOJrpVDUxcAz","0.8915672722184446","0.5394003234551455","bwPTOIVIWlPVGEI","117","79"
"RESTAURANT","cBHqOBLWlPqctD","0.7816364","HPbbKLosELkN","0.8310923812296074","0.30634800519417404","ugMEsqoXumigcCMOIkx","182","196"
"RESTAURANT","tbwROAOQWFuaGMQhFFS","0.47387856","wNAeCIxQTvsMrlAABhbSY","0.7717110126163238","0.009834054234507561","JbFmvQhpWKEYiWCitGFuKWyn","129","97"
"RESTAURANT","XEUqFD","0.54636765","yIiKmEIZL","0.9968475047260047","0.11376782673445818","BRLghqvdlTSEEnuONkSaQDNUQSNAqi","6","109"
"RESTAURANT","NQUaTUTszHrPcEhnzYNcSdxnWNZTrl","0.19909471","vsWDhfabGkoyyIOZJrUcYqKfFzFax","0.7386164980925657","0.021308818952922803","lp","182","119"
"RESTAURANT","QEbMySCfHURZbKZnxv","0.9420566","BDLFvVCrrIPMCdBCtCyhSO","0.3725794760179155","0.005190003170345903","VfAxrlHwTQrfYdajaSkDgLLilCB","120","32"
"RESTAURANT","irHGzpzUkOBqKtNemX","0.56167305","UJyZbORR","0.680630005640039","0.6703063047992575","Crx","135","93"
"RESTAURANT","YyVzwNlHYDHvAMRJmuRtwyS","0.495223","sVkjRNNHaWPbTIjDheuPS","0.3192316997525271","0.1491481015200934","PweZunCRlpcuGL","2","103"
"RESTAURANT","nROMqlCcPRAZjlMdKGV","0.8536096","besLycqJZHnezSUhrhUxccDIM","0.538392809202302","0.480159896534301","WwoLcOZfuaKSdHmEkHHQZChmIOFTN","4","93"
"RESTAURANT","GMUaUiNVdxmVteiSDDnwfRBptqhJkDa","0.5576067","enaJfHNWYCKbbEQnqhVcRzeTp","0.11499478883951175","0.7072888074410785","OwdjhrQPLAuhQxuFbGKjBQmSglfS","38","186"
"RESTAURANT","DJSUArgYayaXKLKdQajSJVwzDCAOyv","0.10166818","mos","0.47540149376246676","0.38167575781990704","bCYVvedhPoeeGkaOWyXKluAWyY","60","60"
"RESTAURANT","AyREwoj","0.3934592","ipjlcntOOWRmpKirFPeHZi","0.24779843880849028","0.7625815571520296","rCKvnYbHOkChq","35","125"
"RESTAURANT","vWGNOmxGnCbsgWd","0.66831404","iLemCbcqCnjCGZGDLNkSQRcOoB","0.493702443795906","0.9762978659972824","yeBAFalNThOkeWUFpXLsU","168","159"
"RESTAURANT","IyhsrmBGqTHfhCsgtfXXCaPXEHEztD","0.44568354","GcmtjTVvoYoOoshoeLxzUmK","0.6879256925568163","0.27416684345153164","IpVZXHRavBKpuhUdyaRWTyk","112","169"
"RESTAURANT","ZudXykCvk","0.9193351","yhflcJJ","0.0424804087908065","0.8622434064418171","jTIwcJ","102","30"
"RESTAURANT","qpfvQzLOWPLJGqahfOkMluBwI","0.18164515","kgXtrPrKcIuGaNK","0.9761076923459527","0.2870235760876054","ehEutxTpxVoRfrpZoEabrHsIoWTSmxb","173","95"
"RESTAURANT","IyPZFFPYTbSU","0.48822057","uoRQEB","0.7190590196127883","0.2386045726050794","KYWuvSQWEAGTYpKEUGvkqDVFBu","195","154"
"RESTAURANT","WNuKwWCFMGtIXCnZyqsyHdzZO","0.33568168","hAkLcWosMksqcGOKozp","0.09233897393080226","0.7623306752740656","CQjzCGUDJIKbNpoMgbxLUq","132","127"
"RESTAURANT","jAMSLaXALDFUyFgCdGQ","0.47221428","Y","0.11983914945646834","0.09323347903304735","OPhEstM","148","120"
"RESTAURANT","pRnrnytUoVtmEcXyqDrNW","0.13954562","mS","0.106786698280806","0.6883432188826372","EclFDFKiUTltjwF","96","179"
"RESTAURANT","wsPWCmBmby","0.535302","Acqfr","0.26295820281942506","0.027297221017617","MaiwIdMU","29","115"
"RESTAURANT","JYzPbtKhjBXgdrpTiMfewiVy","0.7399909","pntTZ","0.5565503003467049","0.5817993510968037","jc","115","34"
"RESTAURANT","XTpo","0.8654987","isTTyPuKGviRxlUpvMRp","0.7749616827011594","0.1727104488226514","IGdrNSTCAGirSoddMobPcJMoSZRWr","104","30"
"RESTAURANT","jYPpFyfkCtP","0.35116392","HZBgFG","0.34065972925432264","0.09631876653615912","KjfZLCPTbdpCpiAcnDsYHDDf","145","146"
"RESTAURANT","fe","0.8282164","mHWjcLspJKSHqxjLCGPCeeSsy","0.2105362995598664","0.7182226450856458","xDzqePgG","56","180"
"RESTAURANT","mARReVgDxubVanjOfaa","0.15712309","veIPBuAiKvpCmvbtmLtWgVqief","0.6805847983812532","0.21694965086228213","dNSpMNrx","137","157"
"RESTAURANT","fpz","0.73007864","KYNtNmmaLjoWwKMSJvsJXZhaRzSVvAt","0.45736128154036604","0.27575850838013705","DzxutGWUMP","24","147"
"RESTAURANT","NdMlhTfiYrNHTYMlu","0.88672775","RTuVAlXVpDFSkrQgneVd","0.3546596584654481","0.4389655213277921","XtxfewVLZC","40","156"
"RESTAURANT","LHdWFPFuTmYukwciKewzAPT","0.7769268","JkQTOyp","0.16739279502420568","0.690679399294225","GlPkKKYadsT","50","9"
"RESTAURANT","EYAZWzYuJwfHTfuRqulT","0.27338022","coJTVeqyHE","0.9822098801826114","0.40420940415800766","rRinOqm","183","143"
"RESTAURANT","fOMHunjCXKytpXe","0.66293067","hqUCPDLBDhrkljhaMTgmifQRGG","0.551403684607259","0.9279542458355609","cWAAYrvyGqmScINHuRUCiy","173","197"
"RESTAURANT","pIYA","0.19117612","ViGjuV","0.6068025513146421","0.6997274831470427","yKKblqLONMibZGnnYFdGWdEpDFvvRpu","135","169"
"FEEDBACK","101","190","0.23724389","jNBgpTmxx","pIoQM","2015-01-25"
"FEEDBACK","44","75","0.30157375","LcdeWTdXPlQgjMVXbpRYzBT","jzlglRKAeamYUmWJtnJZLqwakeYcea","2027-07-05"
"FEEDBACK","21","139","0.57412946","YaahxwwkK","aNVLssRUe","2025-12-04"
"FEEDBACK","144","191","0.2588815","BIJtaer","QEskqEWDSDObmCGpVd","2012-12-23"
"FEEDBACK","12","28","0.6223695","TqAeeGGOsayeZaiid","NlrPLOmYMZqH","2011-05-23"
"FEEDBACK","29","66","0.5492985","TFWc","AFCgCUKZOnRWjfYXGfQa","2027-06-28"
"FEEDBACK","86","194","0.16221565","SEowKE","LmsDjaKUHQGcw","2015-03-02"
"FEEDBACK","197","52","0.6818127","hexbZwMuoE","MhthsxzczLQLnnaShLWsrKonDTdxYM","2019-03-27"
"FEEDBACK","86","117","0.26765352","vMfRBFBQTCAXujDhGGHwUpKLx","nEOxJtAzCNYJESqYyrownyle","2022-04-14"
"FEEDBACK","48","107","0.24259669","TZxz","TrfzCLXljsIVShA","2023-09-07"
"FEEDBACK","20","42","0.60227644","BTazUiAWugTbTusLrUSDb","y","2018-09-27"
"FEEDBACK","100","143","0.21662551","LszOqwGlmyzrhupKjZNKuuiOP","A","2022-07-30"
"FEEDBACK","54","110","0.45819336","ZyFprInRwGnCzzKlBKKmer","IMPAgkNoeYfbFOJRDNjNdmVGBtz","2013-10-13"
"FEEDBACK","123","83","0.089025974","f","UZGjplCWIHgWC","2026-08-11"
"FEEDBACK","179","159","0.12225294","oNwEKoMHBjAjbiWSSSRpRXL","AURzyt","2026-07-09"
"FEEDBACK","148","122","0.33811194","bNeMIGAKLz","fmLLG","2014-07-26"
"FEEDBACK","26","53","0.93200684","FBWS","Bim","2018-07-26"
"FEEDBACK","73","14","0.67788655","AxVkWjTsIGpzTxFNLKONhVqpFXHLEId","qkGNyIsGNAPkE","2016-09-14"
"FEEDBACK","4","38","0.0018820763","vZIVrwxwGDssxDbUJcQkzKoDlgF","mfouzbiNkzolSFrPmBspQmSZlfHwjpa","2014-11-29"
"FEEDBACK","9","178","0.49986368","wAJLMPeVaDdystZRyWrq","DAXMIcjiBHiaxqH","2012-03-23"
"FEEDBACK","182","15","0.9808325","soJBn","UZfuS","2013-02-03"
"FEEDBACK","105","140","0.8018058","qJVAnNVZCkRHDkEDwiPuUw","lCcfCjg","2015-08-14"
"FEEDBACK","142","160","0.7847763","XQngBcThqpVNqODawSp","TcRveWPm","2026-08-29"
"FEEDBACK","117","62","0.014420986","zsAayvqGBgDyUMuoBaooJ","SeY","2024-10-08"
"FEEDBACK","178","1","0.23449486","N","qlxarvAjdnN","2029-08-17"
"FEEDBACK","176","30","0.47687966","VqpNUndfqgPvWaqiamGMlqLrsj","GtvHmnhYDCMHFfQU","2025-03-10"
"FEEDBACK","110","30","0.14210004","nnXfpi","T","2013-06-29"
"FEEDBACK","12","193","0.43948776","HCODqlmNsZoamsqrDUCB","lBRXYlriKILESGwPzjm","2024-04-27"
"FEEDBACK","107","103","0.11201817","ENelIuFjBRVqZfrFTXfaSbh","AHsBiSkVYWd","2013-12-25"
"FEEDBACK","25","194","0.8489001","gpnOjuJfDDI","EimYhCcvRAn","2012-01-13"
"FEEDBACK","2","94","0.15667349","MneyLdXmJDGKKKAacCjFBTL","GlK","2019-10-07"
"FEEDBACK","6","99","0.4004197","RQROVwCcIinbgvMATVPkCu","MwuizzlPCgKhAuztiTZYhkmVhPqZYAr","2027-04-24"
"FEEDBACK","153","162","0.9392759","YJr","VjimeaAJTWDBu","2025-07-16"
"FEEDBACK","94","17","0.41636395","UCrAfOYwRvclWhQanYuKlnPmhX","XvreZqLxucmCNS","2015-09-01"
"FEEDBACK","169","72","0.82855767","brSUGwOduZvsbpkxltqD","hqY","2025-08-10"
"FEEDBACK","147","91","0.6629799","B","XSc","2010-06-23"
"FEEDBACK","23","91","0.030813575","rk","xwaNupLbgFmgTPZKLaaUKvyPRrG","2016-03-07"
"FEEDBACK","145","64","0.7753712","LAogTNsBsaAJeUo","Tqi","2017-04-25"
"FEEDBACK","36","166","0.41665465","GluPftNjOJkdUDxszMVJUul","ZKUozFbrTnrPifJDAs","2012-12-12"
"FEEDBACK","167","133","0.18539721","iVVvePZLNfdQKxfTEw","BxsNFu","2011-10-19"
"FEEDBACK","82","186","0.6125838","LFJvYnTDp","wxNiMTFmUHruGmPX","2019-04-13"
"FEEDBACK","168","157","0.39718562","nVnOOUFsGQhEJrxrjfuTBnK","cxDv","2025-05-03"
"FEEDBACK","16","85","0.82558167","gABaAB","kOprKjgKsELJuniOsCDZUPI","2026-11-30"
"FEEDBACK","50","98","0.82505035","mMzcaHc","TNKEgIrlpnuppkSIbSBvWeR","2022-09-01"
"FEEDBACK","147","155","0.32268602","ENyhWTAMLfIHQHDXwMGhivjgEBa","LbdrgoLRJWOBYtIVmX","2028-09-11"
"FEEDBACK","1","125","0.78614485","xKyezfXWNcarOQJfnGM","KJeTzm","2011-03-24"
"FEEDBACK","82","187","0.62305444","mhuSRTKSL","Yazfd","2018-08-18"
"FEEDBACK","39","94","0.3526405","GqmnAXmgmyKbmMjoeEhk","OoI","2022-09-28"
"FEEDBACK","172","33","0.16880214","GKJNRZNyiYghOOXSoIFvg","oJvnplcRLbOnbsTHQHQrhfysThjU","2010-12-21"
"FEEDBACK","6","32","0.7337702","zXNRBaZsRQslDVBWqZKqlh","fP","2027-07-19"
"FEEDBACK","42","165","0.43024218","ijUlpScaz","aTurtibXYSnMwujJaMyLRdJGgePQ","2013-05-10"
"FEEDBACK","82","15","0.43550396","R","KLQiIejdTzTotlj","2023-09-06"
"FEEDBACK","50","51","0.24387336","q","kFNaulhsVUPkLlcc","2011-07-18"
"FEEDBACK","14","158","0.28434134","MRMrgpH","eogZpGKMfGcQhEymseHQueMgZTbpJpq","2016-01-31"
"FEEDBACK","21","112","0.36603242","DyviQXBxYmTlJYuTkD","BEh","2010-03-21"
"FEEDBACK","49","154","0.29175538","K","WXeuM","2011-11-12"
"FEEDBACK","74","112","0.20566303","PbyqvYblbR","ymQGusO","2027-09-13"
"FEEDBACK","88","176","0.457865","UFwwBvKivzzfxGvQwFUCrfNpRwzup","QjxOTz","2010-07-26"
"FEEDBACK","27","89","0.9458721","rPsjAoQeZCHYSyyJkbOBAxLaGRGvGLJ","xkoQeQtYYoVvIHhX","2026-05-27"
"FEEDBACK","68","66","0.7882418","LTPt","aXdqPaWmJIfIISlbLwnABbbApmWx","2013-08-17"
"FEEDBACK","119","124","0.51120335","acmsHoPeURGkfuafGckxidM","auooOwjZwWB","2027-06-01"
"FEEDBACK","8","106","0.7382805","pYn","kIbWmUONLKNflGkLkGfqQvKHxDAz","2013-12-14"
"FEEDBACK","73","124","0.33682555","u","NUlbvyJuVHabyDwRjCCvGF","2029-09-22"
"FEEDBACK","173","99","0.85782564","EFdUFTqIvd","zOjCAnvoPUlickclCkQGBWV","2029-04-14"
"FEEDBACK","64","151","0.66372514","PkVXdEPrrghePGmBgSXleuuIFUS","AC","2013-11-21"
"FEEDBACK","137","85","0.82790893","XEqePXGCAAHQsuUrMYgUzNi","ZAyFveLLvAnbsqejzzRMZzoBiF","2025-03-20"
"FEEDBACK","168","35","0.15271801","USotUB","PE","2018-12-18"
"FEEDBACK","70","193","0.24530482","IhLzPFGlIPrbzNwBEkqnmnoduJTpPg","jgyxxwWdqJWbA","2014-05-06"
"FEEDBACK","76","63","0.27752","vpqqnB","avQRNJGICmRtlhJLQGIqCIOwSNAGCwd","2010-09-20"
"FEEDBACK","190","124","0.19356793","uuOaKHzMDJFKjlYYGqBvGg","XTbfgZgVIAipVWVtUORDsY","2024-10-24"
"FEEDBACK","180","14","0.03671074","kxKbzpzqdzTRbctZdpWGpwcwEhIlJjg","GVCvMFJWiHcILAGAqv","2011-01-01"
"FEEDBACK","59","91","0.75631714","LBNbWH","xLqvxjUqTcCiaglpwnOHht","2027-10-30"
"FEEDBACK","169","164","0.5952881","YmNwgLcgihfBZYRqAnE","sChiOkDLgMHhqOpkbVgsND","2012-02-08"
"FEEDBACK","16","64","0.48543608","dqogAsHghciwGJZouUAodZwkPERflM","vccLKM","2021-11-02"
"FEEDBACK","98","51","0.1233778","ArprbtxJLqpHscBytcUppMwL","eAwVEbInybQpaJ","2018-02-15"
"FEEDBACK","196","100","0.37986457","xHe","zxGm","2018-06-18"
"FEEDBACK","57","196","0.20287448","oguHO","zCxoxZFtcoIgJ","2026-05-14"
"FEEDBACK","102","61","0.99666756","n","BlUkosZeEgVHELpDrCWdlAAozkk","2018-10-02"
"FEEDBACK","141","171","0.09833324","p","IrkpNlSygKZuEj","2027-04-06"
"FEEDBACK","10","122","0.8826325","IvZrbmhvLPAfsurY","SDDw","2019-10-20"
"FEEDBACK","76","121","0.07789886","imRCufITiApo","AvzIQcFMFPPXg","2019-03-17"
"FEEDBACK","52","150","0.94991916","zJREUP","BkJeqlzRGwTBveO","2022-03-24"
"FEEDBACK","133","157","0.9806836","YTcSYSKEJPVcTxhLwAa","VelDmrphUvHlFvhPBposWVYrYnf","2025-11-20"
"FEEDBACK","129","51","0.7320685","ufrZXEjyOMhtZjZszcmE","awMkUItWyf","2014-12-11"
"FEEDBACK","148","153","0.7816364","eKOTofWpzDXz","jLgqREMdlqYlS","2015-10-22"
"FEEDBACK","91","140","0.54636765","vQTWXxMi","LDmVBqaASjIQGhyrZKrGVfsLGncz","2020-04-02"
"FEEDBACK","178","176","0.9420566","BPDdUZMbWjeDdgFFQhDAHmlJt","psEhlkTWxWnjwRBIZo","2016-08-08"
"FEEDBACK","23","97","0.495223","VOX","jkNUDkqTKNfOQXgmUjYmZNK","2010-07-03"
"FEEDBACK","168","132","0.5576067","cnePFpLUJep","e","2027-10-30"
"FEEDBACK","63","60","0.3934592","bUpRCGylDKHCeHndZhjvbslZPQKxEKU","GVHWAmsWt","2017-01-09"
"FEEDBACK","22","115","0.44568354","DXNFozUMJkmqDOt","gIuJZjLwBb","2024-02-04"
"FEEDBACK","143","99","0.18164515","FwFoiZgDvZjzeeK","hwRrHUcWnzgKJwaunU","2027-11-26"
"FEEDBACK","47","21","0.33568168","RzdzwYSNbVLjleXAIrZKKMvXj","jCUymktWGYpDNkq","2012-08-27"
"FEEDBACK","9","28","0.13954562","EejRYSPz","lHgzOkAXmiXnyAIVuaPTAeOsSIRI","2027-08-01"
"FEEDBACK","47","17","0.7399909","KVAISgMcTgehXEuvnLPJM","tSIZzHStAyelbRPD","2024-02-13"
"FEEDBACK","128","190","0.35116392","DtveCSCHVwHYmaKTQEZGAibCfCui","UctuXFDj","2017-10-12"
"FEEDBACK","8","157","0.15712309","QKDmcwpSzVw","JCQvoGyuRDrVclPEqCRzwAk","2028-01-17"
"FEEDBACK","29","62","0.88672775","djmTW","pLsbIp","2024-02-18"
"FEEDBACK","14","131","0.27338022","CFcQ","RMpYjJdanEzhpIAqDCgsVYrf","2014-09-10"
"FEEDBACK","165","68","0.19117612","HPbbKLosELkN","ugMEsqoXumigcCMOIkx","2010-06-19"
"FEEDBACK","166","64","0.3338133","ymPPutgzansMVzk","iqHTrePBkpmOGUmwAxVahMgdHzx","2015-05-18"
"FEEDBACK","38","138","0.22763896","EuLrqGokeaPwBFZZHqRVUSQrrdOr","FvdQTMPVZrbTfhFXaUDfYLFQmN","2015-05-15"
"FEEDBACK","97","129","0.9103558","Crx","oWzOTmPYc","2024-05-05"
"FEEDBACK","57","59","0.18309951","zjrwuYQJEf","VSYVeHAZAVVcHbKaTZaZUyI","2011-12-03"
"FEEDBACK","86","15","0.73404276","FUXYRdkkmoeVnhgVZML","bwaYBKSdsFL","2029-03-03"
"FEEDBACK","103","2","0.55756736","Is","srprAVztWrmQIWA","2028-09-10"
"FEEDBACK","17","137","0.9238822","shdeaFiVhEWHbIzjOKeXJRXyyCVi","IyhsrmBGqTHfhCsgtfXXCaPXEHEztD","2011-07-08"
"FEEDBACK","114","67","0.42394054","drcnsJnJZAvtdymhpgkDXoFlhRBc","KBXBbWXdWXwTdjnM","2020-07-09"
"FEEDBACK","159","168","0.9475715","EbriSAVDYSsej","DjAGlcqqZikvwLIBI","2029-06-11"
"FEEDBACK","58","89","0.65022755","jAMSLaXALDFUyFgCdGQ","Y","2013-05-21"
"FEEDBACK","186","32","0.614834","QMphlEjKDdEpI","KaFoR","2012-09-09"
"FEEDBACK","127","132","0.14646357","fkSYdJoPOwHpaf","MNrtyemhlYbitkCdsYavsuwiwrx","2015-03-09"
"FEEDBACK","173","29","0.7242815","HZBgFG","KjfZLCPTbdpCpiAcnDsYHDDf","2026-08-16"
"FEEDBACK","73","2","0.3536579","ClfUoBYHVEORlFauGF","rFeLNMJZlZsvREOzCw","2010-03-13"
"FEEDBACK","30","104","0.06662375","KGqBMsVLDhoEaSiByC","EiQqu","2024-10-09"
"FEEDBACK","13","21","0.4902386","GlPkKKYadsT","c","2010-02-07"
"FEEDBACK","113","188","0.0035889745","tyy","ukrokgUxUsZK","2016-05-20"
"FEEDBACK","156","40","0.66213435","cypgBRLoumKmD","wUQeYIeomACGSIIiyfq","2019-08-09"
"FEEDBACK","46","70","0.9815719","CLVUTEfojUedqKxezVzLgBKI","bpCMQwfmkbxLmWgDouFj","2019-07-05"
"FEEDBACK","11","3","0.115882695","HWWpvqUOVtgYGU","acTDtVRzGcLXrUtgHQPCSNubH","2025-04-02"
"FEEDBACK","88","125","0.055888057","KhwyPxfdkRFwGqbfDdCFyioozYS","QuVxeZlZXTeaXUDeyrFtatnhXRqBcs","2023-10-05"
"FEEDBACK","50","149","0.35065293","rzRzaPEFijeNeOjVWpwpAg","CY","2027-03-31"
"FEEDBACK","180","164","0.7653101","NlCYElCutkIiMATxrEVkEulmrBVqEeL","DhlZPwpqMoEo","2024-05-19"
"FEEDBACK","73","141","0.8261006","EWekPMjYxL","CzQpv","2025-03-31"
"FEEDBACK","89","124","0.74264777","nWFIsMkQdJnGyzwkolpEUcFYWzuhb","DUbDnocrwIeMr","2012-02-20"
"FEEDBACK","186","187","0.82045037","BV","B","2010-07-19"
"FEEDBACK","128","74","0.026483059","CEYrH","nGrLlFBWT","2025-07-02"
"FEEDBACK","106","57","0.9596674","FelgBkoYcz","GQKsRqTAV","2011-12-05"
"FEEDBACK","197","113","0.6683857","ypWdzRdkKloFZWvDeSmb","gd","2023-08-12"
"FEEDBACK","94","36","0.79719436","EaSqxSKR","dEUzKjIUxraigjMsGHsekcm","2015-07-08"
"FEEDBACK","22","75","0.44124383","DZyoZgDoAZtyBdbVqkPPhjFKPc","QnoadbnOHTTzwg","2013-05-07"
"FEEDBACK","147","106","0.958287","bEEXTvklPpQ","qBPmPclESXHGJmUvbA","2018-01-31"
"FEEDBACK","38","197","0.045594692","kIibsgSrDMUUqo","gNlB","2022-02-19"
"FEEDBACK","145","92","0.04788977","hBWFMiw","lznXBZkSoEkiZmuMy","2017-01-06"
"FEEDBACK","28","112","0.4955116","AnFROjynBTTimpLM","XlDhYMfNPEypKcpgweZ","2022-02-08"
"FEEDBACK","36","144","0.17129791","AryQodqWcN","nSNUhUDkIJxPhD","2021-05-05"
"FEEDBACK","7","121","0.4227993","pFZycpyHBXELbGsGWggcgSfq","DPHXUSvKHofNrsKMZxawhSazJNZkH","2010-06-11"
"FEEDBACK","126","10","0.33821058","mzstHUbvAekNRlkecuiY","lPbefjGyZ","2019-06-30"
"FEEDBACK","41","91","0.962689","BTJvsJmfHNAyzXeFHTIAVYOy","KflQXrdWbumXephqXPwz","2027-05-09"
"FEEDBACK","19","19","0.65948683","DjpqHn","HIngQnDlxALzw","2018-01-01"
"FEEDBACK","138","153","0.036269963","rgdqw","nLKoXWefkyCxNmCcCWidw","2025-07-30"
"FEEDBACK","95","109","0.43888253","cLGOZisuycwxI","IsmrXNsrbWaiiDkuntUnB","2018-03-20"
"FEEDBACK","180","68","0.10051131","ObTWDzdJzHGUuyp","KaPyCKROtYLzDhGAphs","2025-07-28"
"FEEDBACK","33","11","0.4868114","bzXYSihNoxMxeCyXVjFQzgjtRkRQ","BwWVVUOeZoUXbPGpRyPZB","2026-12-31"
"FEEDBACK","193","179","0.4375257","dPWJBfS","hVK","2026-01-16"
"FEEDBACK","102","63","0.107904255","XFrJfeMhmRNzB","LHuOLOLGMQsOIMDTWVlro","2023-07-05"
"FEEDBACK","29","115","0.45792878","IFgHzhgfyS","bGGGplgW","2021-09-16"
"FEEDBACK","98","178","0.7476196","GmXAlDWxThb","UsZlNtwHJ","2013-08-20"
"FEEDBACK","20","132","0.22160697","ValbxLecJWfNiPdhaSz","raBfvjRJjSFyumBfCxKmbGJ","2026-03-25"
"FEEDBACK","44","17","0.6248095","ITjqMRrDXDCZCSXaNs","GecsMNpzBVTbKvxKbZpGBqlRS","2012-04-26"
"FEEDBACK","20","108","0.8713962","uLXUvZiXmssEdmmbolpVI","rnSPNzQNMWjrGwgmNEXzQSFzv","2018-05-14"
"FEEDBACK","150","93","0.36699563","rdfJsoDCoIBNJssmEXX","YIG","2011-12-02"
"FEEDBACK","58","141","0.13520157","K","gbRfhnlDEsJoKWDAgvCJEXbzn","2010-09-10"
"FEEDBACK","179","13","0.63383675","nMDDeUAqvKcjURaSZSbKErwWRmfXhBA","gJmLeBnlkuDFJy","2012-08-06"
"FEEDBACK","56","172","0.699674","MhMLaVSYIyOQwTwLNkaZrViMFXah","AUKdOqPlWzaykcHreZPI","2011-11-21"
"FEEDBACK","42","138","0.53314775","iaJdhxvcfQvYhpQdHAfnszNvhGxPt","eVTSJOP","2022-07-04"
"FEEDBACK","72","63","0.5790586","IeCFqHVjWAxkAFWUWZ","AQAIYDOMBuiQnGlGSkO","2012-04-09"
"FEEDBACK","34","152","0.76478714","dGslBPYODZ","UorXGIdpikGINLOGeEcFPRUR","2026-07-20"
"FEEDBACK","186","194","0.59721994","SKrBreymiKMpeVMjxlIJ","aBzAsmxRDVRHPyMOHILF","2016-07-30"
"FEEDBACK","191","100","0.47329623","P","QWCtAwMb","2011-03-24"
"FEEDBACK","113","162","0.53572685","fsZCRJRwYEZDauowELjvAu","TrvAcutJMIIbylkLwImqMx","2023-09-17"
"FEEDBACK","17","168","0.74351466","lNvfsWiAMTh","wnUOlWOpAipeanFXMfDJJMM","2018-10-21"
"FEEDBACK","68","102","0.15847683","bwsRyPKCGODN","jQo","2018-09-28"
"FEEDBACK","137","70","0.16830528","cSxxTqvNNHkfkYuEDFLxhIjbzUP","ORXCyfuVLRjACEcEhQrqEgK","2010-02-07"
"FEEDBACK","100","176","0.25150585","ZISzwBnlpzJcPfoVIWarWamzydIG","TqSpEO","2012-07-16"
"FEEDBACK","179","40","0.4784078","YRHmp","BWzqONHNhm","2014-10-19"
"FEEDBACK","179","53","0.5788393","mLMnAciFEaMvTseCiOJbXy","JaZXqNZVnuxV","2027-01-10"
"FEEDBACK","29","52","0.51634395","gTcfvZSPskiaSKKfdMfdaqvaHynm","hzxRoAkfELIlYzqy","2029-06-03"
"FEEDBACK","38","59","0.58059853","GvvgTevmmHduywXzSVARCkQ","vrAyiKZxzFwEHvRZlDex","2023-07-06"
"FEEDBACK","35","7","0.9148851","hnOqTYXtEmQRQqMY","MdPUnmyRRZtINhITMlxghvVOCuWTzaN","2013-05-23"
"FEEDBACK","70","31","0.072808206","s","DuIVYLjoDgyC","2014-08-26"
"FEEDBACK","180","51","0.40214968","rOimTDgrPQxSJTNhyVu","YaiyiAQfcZjQF","2025-03-12"
"FEEDBACK","180","6","0.75980663","riKsdknA","pnLTyjQcBuFtPVE","2021-08-14"
"FEEDBACK","147","138","0.2868415","FcxLo","RNHOCBOfNQuCIOEfmITjzjvTTnu","2015-10-30"
"FEEDBACK","109","143","0.16581863","aWJElgf","AuAkeVtWKfwKJH","2022-09-23"
"FEEDBACK","77","36","0.10600704","AVKnPMxfpbuGyYeL","MlntgEWPozyR","2011-09-07"
"FEEDBACK","138","183","0.5237124","Ecfi","XaMMCmhAKPwGYUHamjRRHcch","2012-02-03"
"FEEDBACK","147","159","0.7621461","lKxHqrXxoYEK","jQJeOdogszfbiPQNe","2010-07-17"
"FEEDBACK","130","57","0.13345337","DDdqitjZVonwKhVIFcEwdssnouVMBpF","Q","2011-09-18"
"FEEDBACK","148","142","0.49534243","LOE","iVWdViY","2023-03-11"
"FEEDBACK","189","81","0.8931391","czneeqGsgdXNgnJOR","QcIChpDZjHpmskRbCtP","2011-03-16"
"FEEDBACK","172","65","0.37870646","vmSrqsrrFRqebmZGEribC","tfezPOFArHrNVNfIPNecMareXwDiz","2010-02-19"
"FEEDBACK","1","186","0.800231","QXdQZlwsDCTNJPKQxSKaxvj","NvfcH","2010-05-12"
"FEEDBACK","35","3","0.4818768","JLAKpPoTFjYRQmwjFrYZuOCZ","vFlotoQifiWCuKFChLJQzwu","2013-06-20"
"FEEDBACK","74","78","0.67378795","kAXgELjBaUBcEAZFtOPbnBrKufmi","PemZJN","2013-11-12"
"FEEDBACK","124","6","0.5982781","ZSPT","iQdKkxzgYQsDSHTNecPmqUYlAJVZcB","2013-02-14"
"FEEDBACK","3","148","0.629883","jKp","BoQdsivnx","2018-03-08"
"FEEDBACK","71","24","0.2985648","p","jLo","2014-04-21"
"FEEDBACK","11","118","0.6872971","TrpbvDzEg","BesNymCURErL","2010-02-25"
"FEEDBACK","62","63","0.767113","LoPicnfXpDrwSQceX","WKFVXTETgsadWWIJqbNEjCpZMpZWOo","2018-06-21"
"FEEDBACK","47","61","0.5400129","jGEvAZRPhlDPhgBYWE","qpjLC","2028-06-18"
"FEEDBACK","47","97","0.25309026","lfGKGpfDOlwkGSRVoIDqyfPPzgWLbV","HhAljcavsljwSnTRaoILVTWWhEQBjxD","2017-09-22"
"FEEDBACK","163","70","0.023572981","alIKTOtsnrebzahkNukbJlVxW","WHgvDCNxqRMGsqysjGweAHbwhIc","2023-10-16"
"FEEDBACK","139","175","0.26570266","m","mh","2016-01-06"
"FEEDBACK","163","85","0.15625507","QDaBwVLdJzvFSdbDjPUhfFNnUMULXJK","BWNSjjPIJsQnlTpjBxcpxyWL","2014-04-27"
"FEEDBACK","95","130","0.7484752","QGLMlrRggZPnGwMZruuW","exkTjQdrtqfhpyRPzBhkkDn","2018-05-15"
"FEEDBACK","168","105","0.15109336","eWmnKFvARVCqobLxBBA","KfLaDfLliWIjLfTGj","2020-08-19"
"FEEDBACK","169","159","0.15428883","kxdU","zEXYMrkTqvpDGpGTQjJsVxVvE","2010-02-10"
"FEEDBACK","188","78","0.28452808","eoACVEVtsVyeF","hmmLHoUwVdmbEeZZyugTmmbocJDG","2019-12-27"
"FEEDBACK","38","137","0.52639884","NnU","Q","2013-12-27"
